id,label
0011f384-9e54-4fb4-a272-330a6cab6804,0
00223e4f-47e1-4fc8-9657-06444a7de9a5,0
00225350-c169-435c-84cf-970068df5b12,0
00a3190c-90c1-44c3-b809-7a9b1314cd27,0
00b3f76e-fda3-42cd-8884-25e03a5dba64,0
00b6d1c7-2f3e-4124-a5ba-5f4c4342bc94,1
00fb0c72-569a-4cf3-8273-b602564d64ba,0
0136d22b-d1a5-45af-bf47-fd5f95863011,0
01662368-434b-4cf9-a885-0855c884cdf1,0
01876c3f-d9c5-4ddf-83d1-045830755138,1
01a86281-196c-425e-9b2d-d25f94e15348,0
01b24a7c-5556-4402-a252-b71bf109d138,0
01b3cbbf-dfd5-42a1-95da-0891bdfc7af6,1
01c87f81-0172-4d9e-9cb7-73e3753177ce,0
01f91684-d6a2-4641-b620-f0394b91ea24,0
020bf65e-e09a-4036-84a0-f4991112482d,0
023d2dcc-45b1-4140-920f-0a5c3163f0b6,0
028227a9-35a1-45f2-b461-e8003f513e85,0
02b0556b-8833-4302-98c5-383d70f53095,0
02ba9722-caf5-49d1-a14f-4e933253274e,0
02ef827f-a7a9-4150-9169-b291e8507ac1,1
03077c51-2df5-47ae-9fbb-d7c6ce2ed6c5,0
032c3132-ca29-49f1-a2ec-071a1f96f067,1
03522c08-0749-4720-8478-f3984f5e266d,0
0362bf41-25fd-4dff-bd3b-542da5650fc5,0
03790c59-2c87-4804-912a-6dc7d3c9fe85,0
03c87f95-a0be-44fc-88b7-1eaef83844cc,0
03c960fe-7e14-40ed-9ec8-736445c9e468,0
03e5f4ba-5e96-494e-b8e0-d9b18d651cdd,0
03eae33e-e2fc-4265-b401-5811098abea9,0
041cb048-95d7-4897-9f6e-029c8ce37683,0
042493da-d9da-4e5b-af45-4a7c69df2841,1
0432b2a4-2e0e-4b4a-a8aa-5486a58a30a8,0
048f52be-f414-4b4a-ae0e-7f2889ecddb0,0
04cf9ff2-7dc2-4534-8293-5b3e8a1a4fd0,1
054ef512-7944-492f-8dba-73f778eb2944,1
056a31ec-55b5-46d2-bb17-a78a29a1ec35,1
0582a55f-360b-4daf-8351-3a09a6e240c2,1
0591f103-5e3c-43c9-b7f8-deec2cf56092,0
05956a55-96f0-4fdc-8f97-2189211f183c,1
05c572bc-4fee-4a24-b9e0-4ab11a9b6a3e,0
05e63e6a-900c-41f0-81c6-50bcb1d2e207,0
05f70e0a-42a5-4d56-88cf-2e8df6039485,0
05fe877d-26bc-450a-8aeb-dead53d169f4,0
061960d5-4fdf-45c9-9239-10adcd20fde9,0
066d556d-dceb-4f63-a663-c0aaa2efdb2a,1
068347cc-dabe-4e5b-b9e4-0cb0167a379b,0
069d24cd-0326-491b-a853-684ab3198e3a,0
06eddcfd-8433-4f75-9a78-2e78c9a553ce,0
072840f3-30e6-434a-9567-835941cbbaa9,0
0743f79f-da77-44dd-8737-4a7bfa429a6a,0
07721738-544c-4c74-8ec3-d326b803ea54,0
0773d3f0-968e-464e-aa85-87990d590450,0
0785908b-d586-47ec-a91e-2258b9cf59a4,0
07bc4d90-7185-40d3-9b4e-82330e66774d,1
07fbc73a-cdb1-4abb-a8eb-24b7490754c1,0
081b6f1f-f870-4216-8d10-b81ab64100c1,0
08518d51-4b01-4015-ad0b-da07df481cff,1
086431db-1210-4e07-801d-acbe27b86395,0
0882ceaa-8da3-4af1-bc94-b125b704d99d,1
0899512b-af3c-4221-b8bc-a3fcbbe2c9c2,0
08b54046-d02f-4fac-9cca-d42c1c231b26,0
08dd2967-2456-477c-be51-946ced2c0662,0
090e0dac-4d08-44da-8b0b-23debc5a234a,1
096f2256-001b-4c07-9fe0-5e02d4c8b886,1
099fe2f4-9a3a-424d-9033-36cec601036c,0
09a14fc4-e24c-4117-b9fa-a8ae27517679,1
09b0d94c-9cbf-4b29-af8c-89e7eedcdc4c,1
09caae8f-a035-4696-a972-bbf912443746,0
0acfc1a2-0a77-4442-804e-fa2765c94aa0,0
0ad50e29-f586-46af-8b6b-852e2bca8b8f,1
0afa1b99-aa4d-4a27-bbe4-d1e81163a003,0
0b0017ec-bf65-4b3f-aaa9-29569084c567,0
0bcdd7a5-3ffa-4162-89e6-fa720b38a54d,1
0bcecc70-d71f-456c-9454-91bef78ce710,0
0c34b9d6-579b-4a87-b633-82c11409868e,1
0c34d757-5e0e-437d-8e90-42b143baeaad,0
0c4230c1-d6be-4eef-aa85-a0e0db692e80,0
0c44f9c4-ec8c-42e9-ada5-4e5fb3b41055,0
0c49ce8a-6ae3-48b8-8403-b5c2238bb583,1
0c5c2589-ffb0-4ef9-b490-1d0cdcfbfff8,1
0c6e2eaf-2bfe-43ec-9bdb-0e96670e5438,0
0c90711e-6906-469f-8efc-e07a5589dc6f,0
0cab52dc-d6db-4ef0-8d7f-502ac77f99d2,0
0cac0ac3-3433-40b8-8409-493f3720bd21,0
0cae2abe-62ee-4250-bb91-01b96e6d98cd,0
0ccbd170-1a1a-44ce-8315-93d6c0ee4257,0
0cce597d-f1d6-4a08-8c0c-4212b6d67383,0
0cd1b274-572a-4853-8908-4a3931274447,1
0cf36ace-ccc7-4bc6-b523-e2b277223e9a,0
0d17115e-db08-4044-934f-2bef7219a24c,0
0d778213-daf1-4bb3-9718-ac3cdad17c6a,1
0d793a03-2b2b-4ab5-ac1d-92c05c556e25,0
0d9a3b4b-3ae2-49ad-b3b2-11e1333cf3e1,0
0db42534-68df-40c4-bcef-3ee18cefbd5b,0
0dfd1800-bdf2-4969-84f4-02aae5802bcb,0
0e46c10e-d03e-463e-9ae9-4335801c0fa6,1
0e6fa86f-29a2-4b82-8fef-edd547469742,0
0e96d30d-aa43-46a9-92d2-dbc472c5f524,0
0ec49b6f-2d6e-45b0-8aae-2bc0f07871c4,1
0eef61fc-a9c7-4f31-acd7-3c9ae651603f,0
0f0ad7aa-bab2-42e3-b92e-47ac753e9046,0
0f0c946d-bd60-4ec4-aa98-13197fd82695,1
0f268769-ce2f-43a6-b6e4-8c3901b90c69,0
0f41a326-8127-4395-8758-7c183ce46017,0
0f4cc517-6046-4213-8bab-3583c1794f28,0
0f5d3042-1c03-4d61-ba0d-4221088dbe74,0
0fb24e34-4dc1-4271-b9d0-5f35b6665d48,0
0fe19114-f971-4876-82e3-d7e909503914,0
0fe2b93f-4f33-443b-811f-8ff600958159,1
0feabfc6-557c-4d8d-b2ab-9bf4dafa1f49,0
0ffe485f-d4b5-42cb-a04f-89e7872c9ec7,1
10173a19-705a-4909-a3b9-b15c8cf3b641,0
102115ee-ee3b-4d23-9f37-86988ab552c3,1
104905ff-ec68-4031-8b86-7b8d8271dcae,0
10761c70-513e-474e-a33d-ae56d28b99d3,0
109c6be7-c22c-461a-9b7d-f84cfd872c46,0
10a0230d-a4c9-45cf-a099-253b6968f94d,0
10be8ebd-b3f8-49e8-a76b-12bb9d7052e0,1
10fb8e03-6b2e-48ad-aaa7-e5c07d80184e,0
110ea6c5-7a2f-494e-a4f2-389a21a988f3,0
1137eb4b-048c-49ff-93d9-6d65478949c1,0
11e2622c-a112-4aba-9fa5-3ba90fbbfcac,0
11f49e7b-d998-49f2-9d1d-e6ed9f5cfb8b,0
121c3055-50c0-47cd-962f-c6f82f36f6c5,0
122a117c-4d67-4b67-8139-1f89e6363458,1
1234a194-beae-485f-b7a0-98e8bbd9e5e5,1
1262cef3-24e4-44e3-9e25-40962d3cb2c3,0
12892009-f02e-4e4e-ab25-faf0cf175fc3,0
12907a15-44ca-4dcd-96e5-5e79b5b37bc6,0
12a5d760-a792-48c8-8f31-566eb9180630,0
12b69f9c-7f1d-4873-93d4-8fc449a84894,0
12d7dc81-ebb6-43c0-abd8-5a7d23ad859e,0
12f1036c-0a3b-4968-a10e-b8f6741e91b9,0
130a906c-1306-4f9e-ab8e-e93a3bcd70b6,0
13160162-6d5b-4788-9c04-0d1bc6824c58,1
1326a060-c520-4cb1-9086-2989a4554a48,1
135d39f4-6d4e-436b-a428-9f2c556860f4,1
1398e5c6-87b2-406c-9b90-5113f75af369,1
139995b7-a7f2-423a-acf0-8b86ef154075,0
13a3bae8-a23e-4b48-8679-91e7cbcf46a7,0
13c661b0-ac05-4f0d-8878-f3f689a0b2cf,1
13caf22e-ad37-4fff-877b-7968561d8538,1
1416d456-1da7-4d2b-ad47-4cddd71f1786,0
14532116-0513-4bef-ad17-96efe3d60dd4,0
1475e283-dc43-4417-a1fd-b934248aa2dd,0
14c3955a-e92a-41b6-b5c1-649af7f7f187,0
14db841c-8833-4ba6-8af7-6bcf7cc9dcb3,0
14f7936d-98a9-441b-8be1-e5b3cc9574c3,0
14fc55ce-69b1-4f99-9adb-fa4f1d6d7634,1
156697cd-5896-46fb-a25f-eed9fb1c2ef0,1
1588ac9c-47ab-434b-ae79-62600c53d55d,0
15aa640f-47fd-4947-b039-338e634d9257,0
15ac5ab9-8542-43d6-963c-5f73e9a95147,0
15b279e8-3f1f-4b7c-bd98-e2da4db5948f,1
15b3817a-3c1c-4e10-9f35-5ad5ead7f8e6,1
15f5142b-da2b-4b14-b593-e3eff088a453,0
160d5a44-a1d9-4e98-8d7d-7e89bedbc3b4,1
1621e9be-ab06-4663-852d-ec6a0b8ef5e0,0
165d8287-c5c1-48ca-aed3-a034d7353ad4,1
16745f70-8770-40eb-902e-d05617e53874,0
1692fddf-a577-4e46-8346-8244792d23bc,1
169495a8-53fb-4761-aa52-ce0d86b09583,1
17019621-5ab2-4913-b2d1-0d8378444c0f,0
17248a15-82b6-4263-be2f-7153588b92b3,1
172cb5d0-1b23-44fe-9544-a79f2d1c6591,0
176de6fd-0c36-421d-be1b-04f2efde17ff,1
178b248d-0cd5-4f0f-a950-4c7029913a05,0
17903e72-e335-480b-b680-adfcd288add2,1
17a20b7f-0723-410f-9ed5-4121989c4150,0
17b3a509-1bcb-41d6-aa51-8f7237c5c819,1
17c83d2d-77e2-4e84-a17c-a3f43828ef34,0
17da2059-8bbe-4b68-a0eb-40722acd41d0,0
17e971ab-b0f1-4585-a17e-9825bb7e75f6,1
1807b787-7afc-40af-bd55-2a1e7aae3dfb,1
185fdfd5-3d0f-4244-b871-74d10457e8ac,1
188b903a-010c-4767-bfdf-aa00ed65aebd,0
189f5a8f-e767-40a5-95a4-517426a2492e,0
18b5ae08-5de4-411f-bec5-25b0fed09450,0
18c49e4e-4950-430e-9afb-b30decc56e9e,0
18f9f826-ec26-4ec2-b89d-4253ee9cb765,1
18ffb68d-6614-4228-aa54-5b63d7982bdc,0
1966f321-92da-435b-a842-0af876e3c926,0
1978b7b8-8214-4088-b297-31816574f6a9,0
19791807-283a-430a-ae53-7075ced468e2,0
19e31a33-1081-429b-8732-290844e16e89,0
1a09a739-dd3f-4617-80a4-3e48b89fed24,0
1a170f40-8421-4b41-bae5-d8d1006e2c13,0
1a250c6b-c2f5-42f8-89d9-f7c67545c82f,1
1a3cc955-be7d-4498-a734-e1f36365698d,1
1a5e34b5-c376-4e66-831b-0e5a32d92dc2,1
1a65a2fb-951d-4bc9-8390-1e524e137aa8,0
1a93bde0-0e22-45fe-b12b-a7d820a234bc,0
1ac5942c-3f4d-4fa8-b01b-d5fa4adae0b3,0
1ac87f44-a19b-4eed-b49d-82f425506965,0
1b106e46-bb67-44a0-83fd-9b4ccaea3c45,0
1b1ad508-7fef-4f54-ac9a-cd2622c5fdda,1
1b1c127b-8f97-47a5-a04f-ebb96d265b61,0
1b3242fa-478e-461b-81ea-440898fb2f4a,0
1b51fc76-48d9-4240-bb17-143651ce2232,0
1bbac6ba-f516-402a-afa2-43d4fc217e41,0
1bbd91a5-fab5-49d7-8466-e2dde5526bf5,0
1bf64919-5b6d-480d-bd8d-efa540137035,0
1c0d1f3c-e229-4fcf-8164-0a838bdb7828,0
1c11bbda-6556-4fdb-a0c3-a466a2c4c289,0
1c185da3-4c77-4f01-b1dc-0b811ca06832,0
1d183f58-9435-4baa-8c59-7187e5ce7b6f,0
1d1a6fcf-eb90-4f4f-a2db-915d1a1ace16,0
1d1de390-d830-4699-a62a-8d219abecdc9,1
1d1f5206-4f90-487f-a91f-d7872cd00485,0
1d25a0d1-f771-4b9b-bb5c-f835442a2fdc,0
1d3a6916-078b-4600-86d0-8fc7933fdc0e,0
1d3ef30d-3f14-435a-9212-3254d441355e,1
1d427d18-be67-4baf-b355-2862aa577841,0
1d523449-670d-48f9-885c-19125e32212c,0
1d55062f-840f-413c-a357-4a0d3d3bec2b,0
1d5fa9cb-134b-4b2e-8b8f-a1abc66b69d4,0
1d6bea38-2d74-43cd-8b88-468567ec5653,1
1d797a78-82bc-484b-8bbf-b1b6d2c5d777,0
1d7d6dae-db48-4798-ad3c-2dc00b207632,1
1d8a4c54-3783-4ff1-8e5c-6173ea98c086,0
1d926c49-c894-4870-8abc-91cdc8db1ff0,0
1dc4585d-a8de-4de2-8235-ef1a68e77e60,0
1ddccc9b-df9a-45bc-9344-b8caf1a2ae46,1
1e18df9c-1e13-425b-9a05-1fb583e14ffa,0
1e246952-7c11-4660-9f1b-039d9dab973f,0
1e3f2627-b775-466e-8038-38d8b5ecafd6,1
1e534e00-565a-4465-ad6a-6dcc407d0642,0
1e68addd-fead-4b55-b651-9c23e361fc49,0
1e777e24-2d71-477a-a235-9f0b70efd02c,0
1ea35591-33ef-45dd-824a-0b6596959d26,1
1ed6ac5c-b8ec-48ab-9a02-9afb09a73a9b,1
1edbbe32-6966-4f85-840c-30d30168fca4,1
1ee7d038-8383-4c8e-9be5-d0300f2e9fa9,0
1ee96f91-696e-4047-9b6c-40d9db4fe7aa,0
1f2fdd58-8126-4f23-a0f1-172d1569d8d4,0
1f633b37-443d-4899-beba-77261d1dfcbe,0
1f905c6f-bd15-4451-b484-b180b8063503,0
1f9fe0f6-6965-4591-875b-f9e6e5bff955,0
1fa89459-0b8a-4b93-90de-e3dac2bd74e4,0
1fb09bc1-cb69-44d4-8033-73f35afb54b7,0
1fb3c848-a244-43ff-a86a-f40094871334,0
2002d100-b20c-4e9c-b99b-4b0e58040f87,0
20067309-9275-4621-ae46-98ebad4e1054,0
203106a8-e562-4f45-b1b6-0bbb7d554bf8,0
2068b33b-28e1-45e9-a7dc-565486eb2f59,0
208bd94b-c146-464a-8e70-aa7160fb58ee,0
20b7d0ae-c412-4bea-8e82-e9c7cfce52fb,0
20c15521-cd23-4264-835e-a33c8c06f0a2,0
20dbff30-dacd-48e0-ae6a-80b3b64f0789,0
20dd5771-b3b5-4ced-b8da-31f15049f9f1,0
2108e440-3062-4e9d-8067-37a93b5a016c,0
21506a6e-e8aa-4971-9602-f47397cc8ef7,0
21755536-ab35-475c-b777-4343cd495380,0
2175cac2-db3c-4629-9ed3-55f13dc2ca13,0
2176651c-f380-4cd9-b17f-a5556199e96b,0
219ddf20-2804-4cbb-aae6-30959e535c8a,0
21bb5866-10f5-48fd-8258-37f04d4c3015,0
220bbd03-8ef4-4b97-b98b-76beb996dbbd,1
22282664-ab44-4e17-97bf-60a02762040b,0
2266ca7f-33ff-4156-94ea-50c7523f5fd1,0
2280dcd1-5935-4506-8136-8e6971525a2d,1
2283ce7b-3d41-4c7a-a4d3-cb9747d6327d,0
22847eb9-76c7-48ed-aca5-9baf7f59bea1,0
22bc0fee-c3f1-4865-b7fc-bbe54208fc97,0
22cede55-7a4a-46e4-a9a5-228ec9ea1a3f,0
233742c0-1a75-4a3c-aeae-d1958d16eb4d,1
23588a56-3545-4662-9145-07727ac294a1,1
237c6ee0-1dcf-4392-bbee-bc9e7790d1ce,0
239044b0-234e-4b46-8f41-f2e344e0c1a1,1
239bbf48-551c-47c5-8486-f2ce35c47646,0
23c242d5-55d7-4ed5-a66c-e71b70fb72b0,0
23d5746d-2875-4003-a318-9e1207b96e49,0
23e3e18e-dc08-47d1-9b32-09ba42f456d7,0
2415167e-8557-48f5-adab-69e3971eb260,1
241bef45-6a68-4133-9800-33f997e7fc67,1
2461e126-b76b-4047-8052-4b7f5bf8b52d,0
2470eadb-41fc-4097-8521-23e98eaa7596,0
2475f9ef-72d3-4b75-b180-c3d5eb6ff511,1
24dac329-2472-451a-8ff3-213f9cb867d3,0
24dd02e9-696f-42e4-a96b-56b3bdf66a0a,0
25138b4d-885c-4e56-88d1-e3be57b8edce,1
25155fb2-ff78-4390-a7f8-60e4cb23b6fe,1
2529a579-f352-43e4-8602-8b90c5f0f6c0,0
254d7a8a-8e1d-4581-bd5b-f47013897158,0
257108b4-86b6-436c-8f9f-fa4e28c6cd0d,0
2577b3b3-0fe5-43bf-926a-4c520cbe28cf,1
257c2d85-2739-4388-a6f0-f41e3807e9a8,0
257ca66f-e00a-4e56-9fbd-83ea8fb38281,0
2583229a-0dd0-47f8-8ed7-174a570922e5,0
258ca448-11e1-4912-8755-d06398abad97,1
25b7cf88-c8ee-4fd6-9e38-1508dd7bac68,0
25c4a042-a700-420f-b4cc-21f211b7efa4,1
25d92420-8342-424b-b1a4-741c21048ff4,0
265c37bb-4397-48ac-acaf-08bbb26920bc,0
266f74c7-1263-4e48-aa1d-cea9779a1f82,0
2675a7cc-727b-4eaa-8bcb-494532f9c6b2,1
268abfaa-d0d5-4c83-969f-946ef2d5b1ba,1
268c1d03-f7e4-4b21-8d61-3bdf50c9d754,0
26979a0b-b1ce-42c0-a7f6-e917387367cc,0
269cd5c9-495e-4829-a774-4ee36ddf37ac,0
26abc6a7-64a3-4305-9a03-06ba130bb037,0
26bf6896-aa11-4ae8-9c66-5dfbd4bee2e7,0
2701b86c-ffc6-4e82-b71e-eeedaeb666fd,1
270b2ffb-43a5-4a68-94de-c835a344502b,1
270e40d8-8879-466d-a822-89e967addfea,0
2719a847-3b78-44e4-8193-2a938d1d650c,1
271ae5ba-989a-4232-9f90-7919b29ddf8b,0
272e10ea-94ec-4548-800b-e859a1beaabe,1
275aaa91-4b89-423c-973b-fde0d3b99813,0
276cbd8f-8fbf-4979-9d56-2f3578bd5ab3,0
277dca97-5806-4659-a3fc-136d2ad0c591,0
27d26f06-e5dd-434d-9000-6493ed220569,0
27f52d47-6890-46a9-adf7-e3bb380bab12,0
27ff59ef-f088-4d8a-b9fc-db1700851cb7,0
2804a404-155b-434d-89e4-5445d14bb196,1
2814fa16-68a9-4ba8-88d7-4cc5531d8552,0
2821feb5-0969-4923-88e1-0c6b69070047,0
284f8c47-25e8-4382-bcf6-18f271462c78,0
286262f5-d446-48a8-b775-95e678971c1e,1
2886c37d-b44e-4af1-a3c5-9298913bfe21,0
2895c0d5-5635-49a3-934c-53115e53b537,0
28dbd77c-422e-4e9b-94c6-f585f3ed3de3,1
2922c58f-2f1a-4009-b5f7-c4855943a616,0
29424d33-9130-429c-b9b4-79791a407284,0
2956f871-59ab-4942-b390-1bf1158c020a,0
295e45f8-88db-457f-ae5d-4182e3c16d76,0
2a1068f7-e574-48c1-b9a9-9e45f583f1f0,0
2a2f8a9d-0e1a-4f2b-8235-8a98b1de23d1,1
2a36f0b8-1aa8-4954-bfa5-80f17ceb201e,0
2a453a55-8135-4541-b2a0-b67b154528a5,0
2ab074a2-a7d5-4a66-a84e-18304cdd3df5,0
2afa7fed-1de2-4ef1-b646-e5f3d66a1f21,1
2afa8f08-ff99-477d-8f6d-6d99ca17da29,0
2b01cb55-3819-489b-9b35-2928f5a8be43,0
2b81dbd8-399f-432c-96c0-04a0e1bc2cc8,0
2b8dc6a3-b8af-4cca-b3f5-4b6070a67284,0
2ba80bdf-57ea-4f86-a398-2c43b748a867,1
2bcdb0ae-a6a0-462d-9004-5ec52cc5efbf,0
2bf857c0-64b1-4e69-b764-e0e09c91933d,1
2c0a5b9b-54e7-498c-8cff-fdde3de8f68c,1
2c945fd8-5751-456d-97e5-212e8f9f7681,0
2caf4d2d-af1a-49a4-ac4e-57084193e030,0
2ce512a8-dee9-4034-b132-b898954b9679,0
2ce81854-c812-4c2d-a8a5-96b329594d1f,1
2cee563e-cb21-4fc4-a921-23fd1c81c453,0
2d047743-d08e-4eb7-b073-cf5b8f2d10ba,0
2d2834ac-78a9-4830-bcbd-df6a62c6f939,1
2d2a7dec-dbe8-4e8a-86b2-054b312fd927,0
2d3001a0-b1be-4d83-a71d-ce66683a2abc,0
2d64a677-72d7-4e8a-a309-c64c735afe92,0
2d748711-ebaf-44c6-8017-1824cdf1ed19,0
2d8dbc87-599d-41b2-84c1-6f6108b32971,0
2daaf123-b121-4318-bbd9-184aa2945d2f,1
2dc9ca6a-3647-4825-96ec-8a0101411aef,1
2dfa5916-89cd-426c-a40a-738d75ae09c0,0
2dfd4083-91b6-4b77-ba55-d73ced75fe20,0
2e065393-86b3-4d73-aec8-7d8aa969a36e,0
2e2dbd66-be4d-4ebd-872e-b4a44c4dd540,0
2e6c43a9-fa68-40c8-be0b-6959c0258c66,0
2e758e73-dbad-40e7-b7d4-000bdc41cce8,0
2ecedb67-5133-45b0-bd8d-3430d05ab0e5,0
2ed2a29d-0307-4ef7-9e8f-464fff2d33b0,0
2f1110fe-7c12-4396-9da9-e12f63f42e5d,1
2f33dd6c-9b67-4943-b0ad-f964ba95dcc0,0
2f49c481-42f5-405c-99a3-271c6284a8f7,0
2f636591-e7a2-47f2-9b9d-76bec1464b29,0
2f86bd79-7e6c-452f-8b2f-69468cbc5e6e,0
2f9ab2ff-714d-4d91-9ede-aa4c3b6c874e,0
2fc566f2-e71d-4828-86fe-18362dd0bf8c,0
2fd99850-b3a9-4a53-b447-569849ba99f5,0
2fe2bb26-d902-4072-9a8a-003ce5d57ae0,1
301228e0-503e-49e5-9789-324de190ed4c,1
302793e2-a4d9-44da-8a7f-833bc26c3c8f,1
3089809d-539b-4a88-9ef8-d83f3e97b832,1
309916c5-8bac-47b7-b4a3-858f85ec43ce,1
309d32af-03dd-48f7-970a-cbe690bc000b,1
30d051be-6aa7-4578-984a-b2872a0a9c10,0
30d96c86-9383-4e92-9100-08a8eee0fc88,0
30fb1688-9c11-4b1e-8a8d-9507cc202ea1,0
31268662-5215-4ac0-be4a-3b1a1d35568b,0
313f5636-b2fe-4d28-89dd-e292525847ff,0
31942e25-a134-4905-b46f-57cd3d104aa4,0
31970845-bbeb-4d33-b273-a45e1ac5a641,0
31cf7e2e-248e-48d7-8b41-68eddf5bcf3f,0
31d16c6f-99cb-445b-b413-8924d3d073be,0
31d5af16-3e7a-4c8a-8a5b-671bc5c0f2c4,0
31f7975b-7c49-4a58-82a9-d7a7d3dafc54,1
32338913-8086-4cc3-acca-05b04a909f8d,0
325da342-8956-4fb3-af00-d962d11ad7e8,0
3269830a-6b88-45ab-83fb-ee21f59c27c5,0
328e7d08-30b1-484a-a948-e81de47b9dfc,0
329db346-5104-4e4e-84bd-459b746f5f45,0
32ffb4c0-3ef5-4485-bbee-e0bc73537c9c,0
3321e272-c0a7-4367-94e2-198316be7a13,0
3386aeed-0a3e-43c4-a52e-9e51315631c4,0
33c0413d-faa5-49e3-abe8-4db07ff6fa19,0
33eddfc5-4153-468d-9a23-5db8293e08e9,0
3415461b-eee1-4ce7-aa90-80eb40c3216a,0
34222eed-3741-4f0c-b19e-9ba6e1215fd2,1
34ab7d1d-5efe-4938-9cd6-66e6b92259f5,1
34b57364-f2c5-43e0-8c54-591d2ff220c2,0
34b627eb-59d7-49b1-a9dc-b0ad1f6d43a4,1
3504ee4b-a54b-452b-9de8-f390d2764855,0
3507eb3b-6dcf-406a-aea4-b17af644e1a5,1
350d62ee-fa03-4f19-80e3-2a9536ae4f84,0
351c6c05-89cf-4987-b51c-7999ea7e0c55,1
35471444-bd35-4739-af20-9690eb865a65,1
3551a41f-5f74-4b45-a857-5782e28ee389,0
35549bde-2251-4fba-835a-87c0f7ef6423,1
3562c1ab-4eaf-4c3d-b56d-1b8c8cd6b65e,0
359272d1-b70c-40f3-966a-46e5df9742a2,0
35afd203-048f-4b17-a1e0-088afe19444b,0
35e82e08-624f-47ae-a578-2d530533bd76,0
35f2b752-4996-4b31-b800-21be90733e6a,1
36262949-1bbb-4e18-b729-37f8548dc606,0
365511cf-7ac8-4fc3-b48c-8b5ac8622fca,1
365b9ff2-8149-4e62-9789-785f6590e030,0
3672bfc1-015f-4fa6-aa38-995050fdb061,0
3693981e-cb30-435e-a3e6-0d4dd11be6ee,0
36c2303a-e083-49c9-b0e5-f492f8ba642f,0
36dd7e15-1f3e-4c66-85f2-3cb9d97e5bb9,0
3719d691-a306-464c-9ca0-adbe7cacb8f4,0
37434bf5-eec7-4e89-a4ec-7bf6d73825c2,1
376db8e1-74bf-402b-8071-6095bfc09154,0
3780803c-fc4e-436d-aed6-f454dab2c1da,0
37a078df-52b3-47b5-ad99-69f4b623a412,0
37ad1a79-cb7f-4f5d-87c5-14ca07dcd488,1
37f9ae9a-040f-4d61-9a09-e345d27564d7,0
3804ad43-4bf7-4e60-8bcf-cf5f346e49e3,0
381856aa-a270-4401-8ff1-51483b2ccf3a,0
38312e38-84df-484c-88ca-bd04a29e8d45,0
38316892-2891-400d-b88d-6cc4509f9099,0
3876f6ab-700c-4360-a5ea-bb5a3ed275be,0
38dd5df7-6747-4536-a063-e317910d5f20,0
3946c830-3f7e-4a6f-9651-eb3e1c5c3bf2,0
3953d124-173a-4c5d-8335-54ed2614b8d4,0
3966d618-f285-4592-9339-a9e4222bdb1c,0
398d7248-b150-4d5c-9efc-e9a995eaa791,1
39962c8b-c510-4a28-904c-66e5f7846699,0
39b730c0-c8b5-4a86-ae82-3f3e46a50a6f,0
39d17cbf-73e9-42fb-9a17-03793d240d59,0
39dccd99-fdf5-472c-baea-7d4546cddbb6,0
39e6a996-4bce-41df-aeba-c1b3b7be9137,0
39e6c47d-968a-432c-8677-dbfc9682268b,1
3a280370-bd99-4acd-8e31-187726185b8d,0
3a3743ef-5d9b-4a4a-8747-2d670b07b073,1
3a4cf451-9e68-4da2-8244-e8be79c4db89,1
3a5f4542-bc97-4bbf-991b-b3db0256f39b,1
3ad9825a-9748-421c-addb-5e8323cb8e4f,0
3ad9dc59-4e9c-4c0d-96c3-d42eea6acb76,1
3b0b8bdc-17b3-49f0-bb1d-efd9d0d0c7ef,1
3b12b12a-aa2f-4fe1-90ff-28575ee44131,0
3b412c8c-735d-4e46-810c-7cfb83d83598,0
3b44111a-6eea-4ef5-aece-06a82ff1016d,1
3b4d14a2-5af8-4ffd-b2d0-f9aa993ad22a,0
3b6bc793-8983-4446-adbc-5bc685af65f3,0
3b7f2319-62e8-48c7-a88c-8f2ac0aa2135,0
3badbd5d-ba50-4c0e-9cb9-9376e04042c8,0
3bdfbe97-053a-45e2-8f7e-957020be7713,0
3beba771-2f97-45cc-b4ed-4fb7e1331891,0
3bf5ef13-c940-45d3-aae6-44c411baecc9,1
3c2a1133-678c-4cd8-91ce-3d3ef28099ff,0
3c530a3b-dc18-4ad9-8ae7-52ca804351d4,0
3c5566b2-f8ff-479f-bb10-39a118b81f66,0
3c846665-484e-487d-a16d-d5e0f7c4c355,0
3cacd63f-c0f0-47c1-b240-368e994257ef,0
3cc98b88-5839-4338-a92f-e6b4c58934d0,1
3ce3668a-be98-4327-bad9-8671bcb3f211,1
3cf680b4-2193-4f54-bf72-10df2d6c87f2,0
3d1fae57-14ab-49ed-820f-e6f8e274d81f,1
3d21894f-dcbf-428d-87ec-e0428c9e6427,0
3d427d94-e506-47fd-bd9b-100aaf31946d,0
3d472f71-7444-4868-886b-86c47bf65b59,0
3dbf1cd0-9b92-49c0-b873-edfcc1b3b2ba,1
3dfd55e8-8ca9-4cea-8371-88ccbfc9e752,0
3e01650c-8f04-4cc3-9d68-cdb9874b7fca,0
3e4285b8-d10c-4471-85dc-5e52c897677f,1
3e59e6c0-a1e7-4538-8ab0-d31f86cdc81c,0
3e5f2224-0f33-4d48-9646-036d01cdbb7e,0
3e6311a5-4f9d-4acf-a80e-04a67457b85d,1
3f12fe68-cff2-4f5a-b8da-013d01a7d9e9,1
3f2794d8-6908-4f4c-8db7-aa0570bbb161,0
3f37dacf-bf8e-4f8f-8718-a210cd5bf092,0
3f5794f8-1e83-4850-a3d1-ef5735ef5b62,0
3f5a058d-5f23-4988-b488-94549a5d1a17,0
3f5c86e1-7f95-44a2-a2bc-ace9d4adf2c6,0
3fe22496-d292-44ce-a508-d551172e8aa0,0
3fea235c-838c-462f-bd21-7ae80cdbc0ef,0
3ff3ef6f-9fbb-4734-a5bd-91bb659367f1,0
3ff58476-89a2-41ee-a4f6-e957f312e059,1
405b6602-6633-47aa-865e-645b65ba2872,0
40801a68-9c6c-4109-8c1e-9642ddb4f8fd,0
409d8448-05b6-416e-aa18-84d2a2361544,1
409ed4f5-2446-45cc-96b2-87659f4b7ff2,0
40c5db58-5bc6-4acd-b2ac-3262afadf225,0
40e855c8-dbee-4840-a6ee-d6d37393c3c2,0
40ef9cca-4d3f-4996-8ac6-046f121697bd,0
4102b49c-2a86-40fa-aee3-06e793bb2cad,0
41187fed-172e-44e7-a6b1-c1f97b8ac086,0
4119c6c4-d57a-4365-b8b2-20911f67aa22,0
4141a8b9-3234-4dde-bf37-a9c6d1b25446,0
414fae18-8944-4796-a8c8-95fcb3161cbd,0
41578fa7-a919-42c9-a680-4134454fe059,0
415b0d0f-b2dd-4526-bd30-bd5346d5dec4,1
41610f2d-2ac1-4f55-af45-1831f344939c,1
416e8e1a-6b68-4d97-83a4-1eec9e813729,1
4170e68a-8257-4cc5-99d6-769e70b4906e,0
41712a5f-96f8-432a-a1e3-14a4a743dcbb,0
41922696-72b3-47ce-97c5-7304605140f5,0
41afae26-791f-4e13-96b4-5422bcee271c,1
41b1e196-c24b-4dbf-8975-3429e5b6a816,0
41b7b1bd-58f0-422a-8210-99ef22bdf03d,0
41be22a1-ffe3-475b-9b3e-c7721cab7836,0
41e5d3ca-ddbe-40d6-90f1-17c061b83c57,0
41ed8a9f-c7b3-4489-a9ad-3025fe45b850,1
4205ed29-bb36-4fb4-9ed9-5a2b2af30d3b,0
42096997-719c-445f-ae73-f389a4b91a7e,0
421b1239-ca25-4feb-9eb9-690e579a7799,0
4238bcf2-f6f1-4f38-bec6-dbe7e1243adb,0
426096e1-b0c6-4539-9c31-5d8e8115709f,0
428f8d70-c5d1-4453-971a-155912e5e467,0
42c6a22d-e8a9-4380-b1fc-fcbb923b5580,1
42c9ec15-73b3-48c1-91da-483bd259b5ea,1
42e8fc9e-81c2-4435-a98f-88299409f1fd,0
430d6dd7-dca4-4259-8977-8b0ea96406c3,0
4320c507-cfdd-4af1-9938-e4d2b057068c,0
4328d0eb-6a93-469a-96b0-b27cec105b63,1
434b5f7e-b052-4592-acb7-17d00d8882b1,1
436463b5-6de1-4f38-b941-881924a38766,0
43657af3-e9c2-4808-8435-b3c82eb643a8,0
4380ca13-acdb-49a8-9178-0c877a72ab43,0
43a50709-dbda-410d-a203-9c93dd0466d0,1
43d63875-d183-4e95-9ebe-8c47720b5f40,0
43d793c7-7706-4bf6-83d7-8af9e4585978,0
440c76e4-22b5-427e-a8e2-283ed3767034,0
443c7bb5-23ed-4132-b67b-71cce2132f51,0
4456ba32-0bcc-404e-9d2c-5f92d5823501,1
44695ec5-ceab-455d-8eb4-a73d13ffb121,1
446e34d9-6b92-436e-b60c-a9b51a139e8b,0
451ea94a-fb8b-4d7f-9fdb-9a4a5adea190,1
45251149-a41a-43e7-ad8a-7130be669675,0
45ebc7c9-39d8-4dcf-8979-0879fbefc093,1
4614a3bd-a9c3-4efa-b185-d6e7ca741cd7,0
4643a4ca-aa90-47b8-8686-f8d65983edd5,0
4657352c-f40c-4b04-86e8-8c8956a1df9d,0
465b3e06-7f0f-4144-8979-6f99514c34fc,1
4662af04-50c8-45fa-98d8-54cf23a5e834,0
47018145-a03a-4ec3-8198-59c2405d25a6,1
47141c1c-7aa4-4a9c-a3af-bc022703744b,0
472d610c-60da-4e70-87b6-8206a6925c80,0
4738bde1-2602-462c-9322-adfbf2489a72,0
474704d9-156b-445f-a42e-e38d378c0b6c,0
4758e1bd-1f1e-479b-8b2b-2cfb4e3e57ea,1
477d165c-04b3-4c3a-ac13-1fad310cb917,1
478f1e3e-8632-4d5f-a453-b80337de5bbe,0
47acf3b2-7357-4c8b-90df-c90402771835,1
47cc0d00-c9c6-4d2c-b7a3-974f4e29bd96,0
47e1550b-1313-40a2-9590-cdbd7d818ea9,0
47e92c0d-0404-4c25-9b1f-674882ea69c7,0
484a0fcb-edfa-4afd-ba4d-df4455123b83,0
487078d6-63b2-4a9f-b511-e9bea0429be8,1
48828799-3d1d-40cf-8a37-750d25b312f9,0
48a08fdc-239b-4e4a-92e6-aa9e16b9e606,0
48c5c266-dd10-4df9-bab1-ee6472cf441c,1
491934cb-c86b-4946-9d19-3ebc662db4f3,0
4929c760-01b7-4b21-9681-7fd51f3b7b0a,1
493921b2-3407-41ec-99dc-ae71511cb537,1
49766cec-d5e1-4167-a0dd-c5fdc0b58ff7,0
49acea2e-9021-4156-b7eb-7e027593124e,1
49d5a308-6e10-4ca3-8422-bdfc3bf6ce64,1
49d853a1-1d9d-4c69-88c6-c3a8d88598ad,0
49fa61da-ec4d-4bab-892c-da88f2c7f8a0,0
4a5388d3-a03e-47e7-a32b-e5dd9fa49b0d,1
4a918faa-b8f0-4841-bd1f-495f8b872228,0
4a9ec9c9-b828-4cbf-8572-48acd9ec6285,0
4b2072ab-1042-4535-93a5-647e67772542,0
4b34b993-3622-4d7f-91f1-603fa698fb45,0
4b4d015f-bf46-4f80-9fc2-475a9b56af87,0
4bab6e1a-91b6-4b37-8c43-f52b73a0a58f,0
4bbfa180-c7d4-4664-8380-5d9a232f0f80,0
4bd15f39-e685-4888-8dc6-c94739669636,0
4c376d1c-cecf-44c3-9fa4-d9ae90362d9c,0
4c45c21d-2cdc-40aa-bf3b-58bbd9374d82,0
4c7edcc2-a6c2-4dd3-bde1-c2be7649bc08,0
4c9fa2cd-5965-4b08-9b2d-c5a4c7a8e272,1
4cb5a2da-3e54-4eda-9234-705b2de365ac,0
4cd40737-b207-47bb-92d2-b877d8331977,1
4ceffa2b-b80b-4c61-aa16-be01e47a53dc,1
4cf045f9-fd3b-448b-a23f-11ee7a973e31,0
4d031754-8c6a-4d04-8ebf-3d2564534e7e,1
4d10cfa4-630c-46e0-9f0c-de766117982a,0
4d20cf4a-9503-4ccb-b541-4f70109c18e2,0
4d332c74-df21-407e-a464-eb1019d9f6d2,1
4d5cd820-9948-48a2-b91b-6fc8b1645191,1
4d9b63f7-8025-401f-ab29-b1e059fc29f0,1
4db8e6e3-a367-4e1f-a70a-3026ecc780c1,0
4db916f1-383f-4392-993c-1e8cbf8c1593,0
4dd25cff-e698-4f24-b0fe-a42814c2e398,0
4dfc13e6-1689-42b2-8465-762c986d2dc2,0
4e212971-3606-4600-9faa-263e5bbec19f,0
4e271b82-5008-41e2-ae12-5ad123491c10,1
4e3b4d4e-d6ec-4087-a72a-f8638dfd2f48,0
4e43d274-51dc-41bc-89bb-6b320918f2ce,0
4e4509e6-35d6-4ffa-b3ac-5c90b4b18426,0
4f5b090f-3102-4c9c-a018-c95f961a0113,0
4f705735-f4a3-4572-9e50-dbd555a68173,0
4f735665-3d04-4fb0-a885-191ff635c17c,0
4faa2c6c-1695-4b3e-9f30-fad052319295,0
4fd33cd1-4bd2-4242-ae98-1e3fe42f7c8d,1
50057475-7f24-4095-b407-3f7993f90412,1
501928df-4c6b-4302-88b8-4c6400d2ef3b,0
501c7fe8-1975-4d1a-8a89-69a059c876cc,1
503d65e7-6627-4cf9-b635-cfab32669d1c,0
5044e6eb-5bad-481b-9463-2fb968af8a97,0
5066285c-ab69-4654-9bc3-08f139b08cd5,0
506a3ff7-b9aa-4223-8e5b-f2cecd516dd1,0
50cd2c03-3842-4c85-8079-aa5ddc66f6fb,0
50ddda5e-d2bc-4553-87ba-2da9c6a53f5f,1
50fd7603-3ae9-4b04-a378-e60a21e54437,0
51720021-c164-4cf8-beac-65449bee237c,0
5183817e-58a3-49da-bb55-1d7696936bb1,0
518a5425-f9eb-4975-be5f-17811ef44499,0
51955e1c-4644-41fa-b505-b86662f666d3,0
51bc2041-db1c-433d-823b-42ab5c16fdc7,0
51d58222-e062-4b42-b717-f9fb35c9e596,0
51e52b72-0e1b-4ee6-a002-03aab20fcf93,1
51f468c2-21a6-4f1f-ae7e-914bdfb0a76c,0
51fc553d-7d3b-4f14-97ae-d6e29a88e92a,0
520f33a3-5814-4016-856e-74c8efa74288,0
522201a8-82d1-4738-b4d4-9574fb928497,0
522a78f8-a8aa-4f28-b609-48f67b1a6153,1
524ee2b5-115d-4221-abe3-7fa60040180f,0
526ad670-58e7-4ab3-a6cf-7bb09446c031,0
52723f7d-c059-465c-9af6-faa3f620b272,0
528a46d1-6854-4638-a34d-e7b60ca51e76,0
52a4cf8b-3999-486e-ae49-9285fa3f6936,0
52d7578e-c033-4ad9-add6-2e09262f1803,0
53120912-f631-4afa-9dfa-ff9db2ff4200,1
53530dac-143b-4377-8577-0baddb05da30,0
53533ab7-b44a-4822-ad16-b2a184c07adb,0
53753586-bd1f-40e2-85dd-87c9af7b50d3,0
53b9fa78-5682-4c80-b00d-5897e45c8393,0
53d9703d-c93d-44e9-ada9-f40f6af8838d,0
53e9a346-21aa-47cf-978e-537e4e8ee050,0
5435a264-14c5-4c7c-a227-870e993eb054,0
544e2b12-87cc-4621-afc2-d17f6b36b6ca,0
547e10cb-1a2e-4318-9001-fa544b684ee8,0
5490ec1b-36b6-431d-a531-1efd3e62bdc7,1
54952f87-bff8-4772-b8b3-a2700d25f299,0
54ade382-c5e3-4fc0-b033-9715ba4102d6,0
54ae0c64-4b12-4278-8b8c-f01db42e73e1,0
54d0f7c8-9043-4d49-994b-01ab8ad8a128,0
552114f9-86ee-4239-8347-d972e198602c,1
555d5d9e-92b7-499f-a512-72603d056c27,1
55685bdb-0320-482e-87f0-05d6c634b227,0
55c1666a-71d5-4c63-ab94-9a5de54a1b53,0
55cffadd-eddc-417b-af14-5b9480f41408,1
55d0540f-e431-4d23-b28b-26930812d1a4,1
55d0b2da-ae27-48ac-bf7e-97fe9e7cd529,0
55e475ec-4617-4444-8a5d-6c95dd2c0a33,0
55f80254-7d20-47f3-ae27-afa53056762c,0
562384ef-22ef-4caa-a075-c4d3f8b74aa1,0
563ac016-743d-4e7c-b5c1-7be023f3fdeb,0
568e4bfa-5b09-466e-9883-c8a0b8a9876c,1
5737542e-f646-420d-96a2-d2bfb61cb94c,0
57493b4c-7fda-440b-b409-93960b67f6fb,0
575a9eab-f454-4774-9be5-05472cd74ba4,0
575cb908-ec01-481c-ad70-f2605ee936e7,0
57a373ee-2d3a-497f-a1e3-56c1feebc64c,0
57b9b357-225c-4977-8e58-4ee0fcc9adb7,1
57c38f33-eb00-4e8d-87c5-b570954ed85d,0
57d17baf-5667-43ac-bd59-084d6fe62b2d,0
57d564a1-31e2-4247-805a-1994d02f93e1,0
57df9f67-c5cb-4386-a2d6-ec605ebc87ed,1
57e47b20-14bd-410f-83c6-9e2e00f9d94c,0
58a621cf-ea18-4797-a6e6-3fbc757c5089,0
58beaacb-4ff9-45ca-8223-efc623644adb,0
58ce4f6c-9853-41be-b3ca-9e77e0eca7ec,0
58dcea9b-89b4-4357-8248-f7dcdf38d92d,1
58e7a9c9-5406-47a8-9df8-441b3de8e410,0
592eb4ca-0716-487c-8bec-2ef70f915725,1
59837ac0-ebff-4cec-9cd3-234ef7a06769,0
598d335e-34af-451c-bc1a-48317784687d,0
59a43662-b194-40d6-8d81-e6bf60480897,1
59b423f4-1aa0-429d-9d54-44772e4198dd,1
59d51a76-a567-40f0-8e26-a9ab6034808e,0
5a007891-5219-4525-82bb-7e4c94b640ca,0
5a0cfdce-080a-4e5a-853c-1b2661136ca7,0
5a196e3d-68d9-4d70-b962-369d28efe3b7,0
5a30bd0f-bc91-415c-9f7b-529ca73c6c51,1
5a5cb00a-76cd-4cce-86d1-ac76b0e668f8,0
5aa388c5-a89f-4a5d-80e8-73f0cb6577d9,0
5b26a86a-077d-42f2-a19d-c2275a0c538e,0
5b87824e-3692-4a1e-b487-95dc0deffc04,0
5bad2a2e-f8d8-4549-98d2-651fb56f5c2e,0
5bc795ce-7a52-4a05-86e1-1c3fc8e74cb6,0
5bd05588-a11c-437c-ba83-f532faa34741,1
5bea965e-3b71-4161-8db7-484a06c64f05,0
5bf05691-e083-4057-9a5d-977e0f6d53d3,1
5bf2e73b-f4c1-42fa-aade-b6e7d06bc844,0
5c4f3c0e-9e49-4ec2-8935-daecf56c65e0,1
5c74ba9a-4213-402b-b5d5-ae6d7f3444de,1
5c764352-611b-49b5-8201-936516b22363,0
5c8339cb-59dc-4f2a-b029-841b87e44c2b,1
5c83d522-8330-4036-a718-80382a489bff,1
5c87c88c-a983-4081-b3ec-808aad9accfb,1
5cd1e8ac-4fd3-4419-83d2-b1b062b0c5b4,1
5cfd2d5e-b317-4952-a16a-eb47b2474e0e,0
5cfda16f-6345-4aed-9bbd-37f62c533872,0
5d1c6826-6bb5-40db-a18b-67a6762ec8e4,0
5d24b730-fd85-4838-a785-dffb7ade2b08,0
5d569438-9ef8-43f3-8b61-1763f4d844de,0
5d70cd0f-17e4-403a-bb3b-ae25ff4f4784,1
5d989e76-0307-40df-881c-b36baac15ee1,1
5d9b4caa-9576-435c-a16b-0fc2176f5ea0,1
5dc916ef-cbea-4f42-b06d-5dc9bbcfeaf3,1
5dd9f33b-f00d-4ed0-93a0-827eb0486d65,0
5ddd2287-0749-4bea-b171-4cd241529ec8,0
5ddf7757-1958-4400-bb5a-a8dd6afc9d80,1
5e29ff6e-90e3-4c58-8eb3-3dba878cd081,0
5e35b1f2-c243-4995-9848-2792a1460a27,0
5e40cfbe-6762-4b12-bfaf-67f9ef3f2635,0
5e63ed4c-2d78-46c6-8e9d-8b9f1f9bbbdf,1
5eae2b2c-de64-4b77-b468-527455d1a4cd,1
5ebc03b3-12e2-4b05-94de-363481a23f39,0
5ed53e61-0a1e-416b-9355-2e4d11a028d3,1
5ee11610-a688-4b98-94f8-7bbed8377402,0
5ef70e81-5a57-4315-9b5f-1366ff16e0b3,0
5f0cefc0-b80f-44d8-af99-84912578ab9c,0
5f593a39-1b5a-4463-97d2-1a2547bebd7b,0
5f5bf14e-fce5-48d1-9486-3fcaf0e83d2e,0
5f82853b-9632-4655-885c-af2b67c31ba7,0
5fcb2647-c52b-4a78-b0ab-e7b712048eb2,0
5fde0604-f5d0-44fc-b27c-bf41ca450128,0
5fe52016-65d1-42b6-b6eb-8296831320c9,1
6012768f-5199-4c37-b4f4-55a709e3524d,0
601aa0f6-3bc7-4a10-bb9b-d8137dbd5c61,1
604fcf6c-0883-4c3f-aba1-0fb056e41d86,1
60772bcc-e861-4b52-ad67-fa70cda294ea,0
607e3af6-1f6a-4427-bf86-2155156175fe,0
6089176f-1c9e-4f80-8085-ba5e11450290,1
60a5ecda-9762-44c4-9090-fc9c148df1bf,0
60ae26d8-2d5c-4925-84f6-71b681110a4e,0
60f9f079-1635-4297-9052-9851b8a85f97,0
60fad82c-e0a0-42e3-9fad-dd53f17ea81d,0
611ef269-f89d-4054-8680-812e287648e0,1
612fd9d0-e14b-4ed0-95d8-d2e7da6fa3e7,0
61518388-1a9f-4567-84b3-2699e85ac102,1
61600f91-78a4-42d8-a8fe-483a7d3bac49,0
61728fbb-fb68-4816-9bf0-30976e2dd026,0
617415c4-0e6d-4223-8d21-02d0dc622a4e,0
6184a4c6-52b6-4941-99cb-e754f14419e3,0
619776a0-6709-402f-927b-13efc874070c,1
620ebf8a-f5d8-49d4-8677-4d1f193c1105,1
622af973-9505-40cc-8b00-d2190fa640d7,0
624e1f8c-4b70-4bf9-bed3-e0af19a7da70,1
626996a5-54b0-4fe4-a76d-9aea08431745,1
62a4eb69-8835-4430-a91d-be2930de4c4d,0
62b16d6b-c754-436d-b3c1-c309c28cf835,1
62eaa4c7-ef95-431c-8256-80650f123b5d,0
62f322e7-c7cd-4740-8eb6-39e96d78227e,0
63219318-c1ed-403c-a139-27cda086505a,0
6389126c-c165-4c6d-92a2-7f662ded9cbe,1
638e6f41-b8f5-43e5-a2f2-da3b1da3a428,1
63b6c1ac-7c6f-44e3-a1e0-7a9986f51e25,1
63d1dc6a-fcb3-4515-8902-48272437935c,1
63d4f453-f680-4aaa-92f7-09cd8e5b84fb,1
63e27d25-fbff-419e-8e9c-72ae97b3d152,0
63eca4af-ce9c-4e86-b42a-2ac22e28acc4,1
63f9e96f-f3f4-43f5-a0e5-1db9cda0e2b3,1
641e5245-57e3-4d06-be38-77b72fe09ce8,1
6449ba69-d5c9-4719-a33b-54602cb9f97f,0
648056f1-66d2-4948-9916-613a18e86b56,0
648b314f-e0ec-4361-8494-0b5a7cf732dc,0
64a23b24-e712-47be-b2d6-217bd7c7b2af,0
64a39a5a-74da-4281-9525-18a36d1c7ba9,1
64b55a94-055f-43de-9867-2b85784e277c,0
64e3e793-9234-4b84-bdfd-6763cb283481,0
65065423-2060-471a-b069-4776c43679e9,0
6515b84d-80cb-4260-aae4-56ce40dae5dd,1
651ca875-5d3a-4357-869c-93df4cf34d7a,1
65526218-2744-49f2-8dfd-a6b5df06437c,0
6553c81d-3167-44e0-803b-40c86288f3ba,0
65851b4e-7781-4777-b2f3-30183c1d77b0,0
65b2e2e4-525b-450b-a49d-84c236b2220b,1
65b8e727-3457-4b58-a9a0-8a9f469bff44,1
666b3c6d-464f-4c19-bc9f-81913acda0b5,1
66b952f5-9174-45df-9677-c620b243fc09,0
66ed6826-e9f0-4764-b362-f30b70d01b8f,0
6727ec74-af98-4310-ae70-4789cb87dca1,0
672962c8-33d3-4b44-acd5-f86dbca82a91,0
674c6268-079d-4210-b8ca-0a280da1d2ea,0
674d55ac-6a92-43aa-9fd5-65bcbabe99b4,0
67842353-9b7b-44bf-bb52-df242a6b9975,0
67aae701-c23e-441c-a106-ac071bfb6482,1
67c14d17-af53-4d03-bbd9-519f1552198c,0
67eab11d-6432-44c2-8e95-6383f1c1866b,0
681e87de-e8fc-4de2-a261-8a67f0557eab,0
682d35f0-df15-4fb5-a5f0-0f7c513a7e39,0
6866752f-6623-4e90-ac24-5ccc223ff482,1
68675eaa-e84b-4525-8051-12742c10732f,1
6884db98-23a8-47d1-9806-7e524049e6da,0
68917e51-688f-4d04-a1a4-41e4491ad2f9,0
689ef7ea-bb5e-45c0-a763-e8261453cde5,1
68c1eebb-b8f6-4522-b439-fc22d8b857c8,0
68c3bb4a-43d5-41f4-b3f1-9cb25d62e392,0
68db4aa9-dac3-40fa-ace8-44320d32da26,0
68ee5fb8-a59b-4592-a051-8421d336a791,0
69190e91-f93a-4b14-8dbc-f6c4995e8ef1,1
692772dd-92b5-4082-bedc-acd727f88f79,1
693effe0-134c-4642-a070-ce1d9edefe10,1
694c0e87-e9de-4fa9-ba1c-6126d40a1f93,0
69766e56-87ed-41be-ab73-b364ca86c2f6,0
69f0d679-29d7-4e09-9307-070c4a7492eb,0
69f3d268-b333-4cce-b1d1-a64247c70022,1
69f70f0c-d370-45f4-8452-0352b102eaa1,0
6a23c914-4818-4942-ac53-7c9398235af5,0
6a4c3782-c821-42f1-a4d4-a4809f51eef6,1
6a702fe8-1965-4df7-8b91-a7f125546fd9,0
6aa38c56-f32b-4bb1-883f-4b694c445185,0
6aa729d0-cf52-4deb-bd50-62e62a445262,1
6adc5e6d-c88c-49c8-952b-a8c1c420cf3c,0
6afd565c-cabe-415f-8afe-e3ce6f6b4674,0
6bb06ed7-1351-4feb-bf8e-8e3d20bc91f7,1
6bdca9d1-e0b1-490a-b013-47a6b0dba103,0
6beb3dd4-35be-4973-9cea-1efad06d1f6a,0
6bf19e08-32a6-4857-a7b4-85b4181bcc20,0
6c5b5b10-9c4e-424c-94f2-172eef11514b,0
6c604ccb-7be7-4508-bbd6-11ba585c774d,0
6c884d82-89be-49b4-ba01-ce4cc2180bd2,0
6cefdee9-7cce-4b92-967c-07a673523814,0
6d05f7b1-d60c-4909-a98c-2e10b5b3d113,1
6d0a814d-f429-4a8e-b09b-5915c53f0ef5,0
6d33b00e-5bea-4999-8157-d7e759bc30f0,0
6d38c659-f25f-4ef3-8040-dab4f4b238c5,0
6d903271-4986-46db-8bfe-df8e7f6369a4,0
6dbf7626-2170-424d-84bc-e393273b12b3,0
6dd2f519-89e5-4399-882c-d7fb8d909302,0
6df1e82d-ed15-44e3-aa3a-51ecd2599309,0
6dfe0d2b-2c4e-4add-986f-46af0ce8f8c7,0
6e1a15ec-9711-4869-8575-4c08fc2ae972,0
6e1e197d-5a04-47f1-966e-686bd2896a0a,0
6e3668ef-9caf-498f-89b7-a97e71a63984,0
6e37a29d-853e-4216-a1f7-6f82198059fc,0
6e3e6701-a23b-41cf-bbca-f926f5ab3343,1
6e755551-4444-4c69-8b0a-b063277164af,0
6e76ac61-fc4b-4cc6-9873-8fd42a4bc210,0
6ebf52ee-f346-494f-86dc-35a8a6a4af6d,1
6ee2c304-75d4-41ba-aa4e-7de4c87f23ea,0
6f005467-daa1-4c0b-bc36-3df377c77ff3,0
6f331b08-cecd-48a2-bfa3-bdf26fc695c7,0
6f4457c7-ba9e-4b85-9677-b9a0cc33e7d4,0
6f612a8e-e53b-4d12-9f49-44106d5bb2b9,1
6f6ce6d9-3e87-4364-b6fc-8855bcc4da0f,1
6f96b2ef-07c2-4858-a451-b2cf1c19da63,1
6fb11d90-f018-4e56-ab90-bdfcebdbfd07,1
6fb4f6c1-b990-4596-bf14-b1d8e568919e,0
6fbabc46-dcdd-42ad-ae3f-ba12023041da,0
702366d7-6252-4f0c-86c2-8491a0c875fc,1
702b2244-8c41-4140-9d8e-696688e6513b,0
702c4ad5-5f84-4555-b2d4-d48fe8cf1778,1
7038ffbd-ad59-42b3-841e-5dadb00b2a7f,0
709f950d-8e8d-4e16-b767-df8e13187cf2,0
70d7dd98-6077-468e-9ecf-80462a758c81,0
70fb9af3-a4a4-42bc-a877-8d0589e80d58,0
710b69b0-445d-44e2-8dd3-3cf233da8e89,0
71210650-b0e9-48eb-867f-ef0c439f6a25,0
7124bc74-7d18-4c9a-a4ae-4a21adc88e93,0
71288723-e079-4c81-b573-80d76d0efd73,0
712f18e2-8bc0-4d52-bf4a-62330ebdf56b,1
715b3072-7806-462c-9bc5-634b44fa8ac0,0
71d2e0cf-3c11-4a0a-af90-65e771251a49,1
72274cae-fc61-4f16-b359-a74bff37ed62,0
722c8203-5731-4edc-9d6c-72d27b8172bf,0
722eb39e-a76b-4373-829a-0718ebb5050d,1
725018bc-cfca-4925-9286-58b4e46ede2f,1
72653205-28f3-43b9-908e-3386c3a9c218,0
728268d6-16dd-45af-a9ac-f7200178efab,1
7295a0a0-5473-468b-b346-4830fbce080a,0
72a9a6eb-20da-482e-9cdf-431fd4334150,1
72c2c6a3-b522-4773-9e05-19cd7a270c03,0
72c98cfc-cb52-4ddd-ae14-ad974c32784e,0
72cf6ba1-2c1c-49ae-a33e-7736f785f3eb,0
72dde5a8-6959-4d82-b94f-8f7a83b8da35,1
72df4b88-405b-44bf-af2f-43ba13f360bf,1
732053c8-8dfb-4482-b4ce-ad38ea214543,0
7338adda-5946-4049-b38a-000f1edb588a,0
734c424c-c7d8-47b1-b15d-0833cd453de2,0
735465ce-ed81-42a1-b9ce-fffbca773826,1
73599632-7311-4d19-a01b-23a09e4a14f4,0
7379441c-10fb-48c5-8ee4-a338efefcbbe,1
739605ef-7750-4509-95fa-0559c9606368,0
73ac5be0-059b-412d-a6a8-336fb6d41bcc,1
73e78bd9-53c2-46b4-9404-f7badce28a75,1
73f2c952-e3b3-454e-a504-00fa84b2ec86,0
73f9aec9-81ff-436f-86a3-6465e172c4fe,0
7405fa31-5995-4c32-b303-01eec77f5609,0
74b69eb6-bc98-435e-9020-c3d401b30da1,1
74deaf4d-014d-41b1-96dd-26ad089f048d,0
752c995f-c96a-4cd3-ba2b-211f656b57a5,0
7599af2c-15e8-4fc2-9b81-33dafa59fb49,0
75cd69bd-b6bf-469a-ae56-f0b2c8a2a6b6,0
75efe9cd-4fdf-4f7d-ba6d-6262d6b9f7ae,0
761c9a2b-6a68-4c28-9880-4ec2b1dfdc1b,1
767f1c4c-c13b-428b-8c61-14f8bc9d1cd5,1
76893108-e251-4bf9-abe0-791f2659f68e,0
76a239d1-f2a5-4058-a8ec-2cfdbb894bf0,0
76a401a7-b3cf-44ed-8edc-ce7ec807c23f,0
76bb48ff-0104-4d41-8309-be17566af96e,1
76c8f675-fac0-4dd6-84f9-cc6b914793ca,1
76deb065-c147-4a33-b49d-0dd2546f1148,1
76e24e0f-094b-4242-bc90-ad09e9be02bf,0
76f2bf2b-b2d2-44da-993f-6a943ab53195,0
76fae107-ccaa-455b-a890-f1a9491b61cb,1
770d45da-0938-4a8b-b140-a9acc4c4c8bc,0
770f3f13-3040-4245-a5ec-8c290fb16a42,0
7750924d-4466-4995-a9ae-068d171e4dfd,0
77606106-1b28-49c0-87a4-0b7b4a2f88d1,1
776e2cf4-0360-424d-aac9-d67b6dbb23b5,0
7786cf56-9788-4dd2-a07f-faec9c7deb41,1
77886fa9-6c66-4d6c-b191-356df5509643,1
778f6edf-df03-4acb-8360-65326fcd8137,0
77b895db-afab-4506-bcac-696f54f8cbbd,0
77c9c1ef-c16d-4d61-90ca-bf38dbabe00f,1
77d4a04a-2f63-4034-9e5d-db426531bc9b,0
77e6c743-0c4d-4c4c-846c-de97c2608d82,0
77eb9e20-adb3-4e88-81b2-5196fa69114e,0
77ef151e-5dcb-455d-bb5e-a6daef5ee97b,0
7824f630-22c6-4c4d-981d-ac0cea4ce859,1
78302d74-84ab-4f3f-8481-77d024513d0d,0
784c8414-db65-4855-9ddd-73ef03577240,0
784ee9d3-34c0-4948-91db-5106b7476a61,0
787a7485-2938-4bc4-b23f-f6d394b7ad70,1
7895d620-39db-45fb-9341-a98478e1b5c0,0
78e1be81-ef50-4afa-bdf1-987056ba456e,1
79431604-2372-48c2-b767-b4a8ab0ddd58,0
79aef8ec-d170-4fd7-8885-590d896e89fc,1
7a5d56dc-be60-4117-8b02-8d19ab175bd9,1
7a6592d2-1430-4245-8100-e653ec25b529,0
7ab05a3b-805d-42ac-ba63-7ae4923066b4,0
7ac1d1be-54b0-4c51-a6f5-50e183530f6f,1
7ac671ce-8515-48f2-b619-dad83f283f8d,1
7af6d4a3-479f-4ec8-9ef1-48c5e5b98d63,0
7b1d7f81-55ae-421a-9f29-05aefbc52794,0
7ba2e7b1-5cb2-4463-aefd-e9ed353b8a55,0
7ba489c1-b59f-4989-9532-b5200f8b4848,0
7ba533b9-4679-4f0f-acb2-dd352fdff313,0
7bace86d-d2b0-4329-b4a9-8bd98fe0895f,0
7bcf3b26-90fe-4688-a30b-f3131261ca74,0
7bdbf816-8be6-4e82-93ad-a5a02f2a76b3,0
7c067f53-8a4b-4406-b578-0672011d78ca,1
7c2488e8-cf2b-4ffc-805d-fd10d3d387ac,0
7c267b09-d18f-49a5-869e-eb02443b0023,0
7c4e68fc-038c-47d7-a011-925e83d58b8d,1
7c647540-e60e-4c65-9681-2194e9e40ecd,0
7c73a4e5-a77b-46ed-8acb-45efe965ecdf,0
7c8d6025-9bb4-4d97-96c1-d94d351264d0,0
7c971b82-610a-46f8-b89d-0987c15b29b1,0
7cc68eae-3c1b-427e-a0c0-e9d9a97f74b4,0
7d1f7a0c-0730-48a5-a805-4c64cdd05a62,0
7d21ee69-7a2d-4e3b-9807-e60fca344c61,0
7d2df446-4401-40ca-9b4b-f27eb8469fb8,1
7d5235ef-6098-4db1-b603-a0e8b1b2b184,1
7d534a03-2b98-49c7-a3b4-b82c115d8552,0
7d70661c-cdb7-40c1-9fe3-7134be681d17,0
7d799762-b983-4ef4-9400-b975586eef31,0
7d8fba4e-8cc5-4c14-9854-db36d1247c78,0
7d948103-7af0-42b1-bbe6-65c348d1b99c,0
7d9b372e-92d4-40fa-acc0-50a2e7511962,1
7dbef06c-ce12-4f87-ac2a-51072db849e2,0
7dc5badd-a441-47f6-b18b-c697adaea294,1
7e079aa9-80e7-4384-84cf-94c7cc16e809,0
7e46704e-044b-4c40-aff3-8221087e163e,0
7e491912-5831-459e-bef7-f595e4d96b4f,0
7e65b74c-879f-41dc-a35d-d92bf6aa49d4,1
7ec21c25-07f1-4bfb-ab78-e7df1c44651e,0
7ec9804c-a9a2-41ad-ad1c-1eedaaa1f4e0,0
7ed2eb6e-5c37-42b6-a77e-d8e2ee1e4bf1,1
7f042911-31a3-4a97-b2e9-26062ac4ad2c,0
7f061f67-6ad2-433c-b183-6e5f5a5ff510,0
7f0bec56-700a-4e23-a8dd-7b3c4ad73a4b,1
7f295065-8c4f-4a18-8653-95c3be11aeba,0
7f477af2-ea47-412f-976b-a9107dbb34cc,0
7f6fea28-2f9f-4d4a-947f-99ce40a2bd34,1
7f912cfb-b2d8-492e-9e08-834981cc217c,1
7fa1a000-f0a4-402e-a24a-72a922e3bee4,0
7fac9922-1dda-4b1a-aaff-a0c1c84f4c19,0
7fc7b975-5568-4b63-9ca5-ce0f19f92cfa,0
7fcdac83-c5aa-47a5-9f82-d7c5434a3573,0
7fe54579-74dd-433e-8416-62a8b4dc6740,0
80190c34-c46e-4414-ae2c-ed0d12b2143e,0
803b88bb-76d4-4d59-ba02-d9a4cec36770,0
80798858-48b7-4b73-8086-2478eb0f48a4,1
8081b46b-9dfe-4766-bb0a-d0bd2b888ec1,0
809c22e2-8e53-4839-97b9-c614839f46dd,0
80b06798-2498-4a44-b4c6-294384c2d821,0
811a3097-ab9c-4562-bbd3-261cbcda42d2,0
81887f55-f2e5-4c0e-adf4-4f53c7df5da4,0
8195cf78-56d5-4178-befb-d4819dfb1d35,1
819e890e-19ce-4a74-b1e8-317b98069909,0
81b3d995-4623-477f-b3b4-710b736e125b,1
81f0759d-2af4-445e-a775-0c40d21c46f4,1
8208dc76-7e8c-4277-a1b8-c2c26bb68bc7,0
82159f09-2dc1-416a-b95c-9f390fa663f8,1
824785e5-d106-4fbe-af9e-98d9ffb708c7,0
825cea1e-7e94-45d9-b5cd-a66d1dacc446,0
82619716-ee13-4c0c-b41f-86799ac123a9,0
82899750-0d36-42ad-9403-236f562442a1,1
82b4d9eb-2c46-425e-b889-e660f5dcebe6,0
82be30ef-0da0-4856-961f-997573d77fdd,1
82d83fb7-4edd-47ec-8e80-e58029197412,0
82e09f10-3fa2-4fc7-ab28-429c785ec82c,0
831b4ca0-e113-46db-be56-288ac6132d58,1
831feaec-971d-4acc-8574-80d4a5c03e5b,1
832c7dae-75e1-4465-b57e-735e2f851fdc,1
837c6e00-e988-42da-b177-808419fe3f14,0
838d7029-c077-4829-af04-70d958e2a9d4,0
8390d9dc-9b79-4849-9453-7fe4e8f2f88f,0
83c2b380-3879-475d-b5ee-af11cba1bc32,1
83e58637-c586-4a20-8ff0-80f87dbbde34,0
83f1dbee-7e40-48e3-9ed5-c906a8166048,1
843c4aac-6800-4892-bf86-b2a7491ee862,0
8450fc1d-2eb9-47ae-86f2-aba22434fb0c,0
84580d9e-e0b0-4d0e-bdd8-e4320bc8dd52,0
84673a0b-b526-452b-80e2-41edaa89eb85,0
846adf7c-86d0-49a3-a7e0-1ef726c7db2c,0
846c1934-4ff4-4179-87d3-3a80fac7809c,0
8478ad5c-9c6e-4028-bbc4-ba483fccc301,0
848b39d7-2620-4f40-bf8d-082def2cf5a9,0
849cea5e-49f1-4108-acc2-6e11d403e910,1
84bd1197-4456-40e2-85b1-dc5b514551c9,0
84c9e85d-7500-44b2-bbf7-ce0899628622,0
84cc0a04-ff03-43cd-a0b7-c4ee655db04d,0
84d66152-97c2-4306-909b-8436370da728,1
85116933-3079-466e-9215-7b57f7c34eed,1
851f62d7-5bc9-4e96-b47c-b2a57202db4b,1
853bc078-2798-4101-9715-c5b65da04309,1
8541e0b2-a665-48de-9027-ae8a5766fa6b,1
857ba507-146a-4747-afc5-bbdc906d42b3,0
859149a0-a8f3-4dab-919c-a734072751d5,0
85e1e3a8-f249-4188-90dd-3862f8238cf4,0
85eec23b-6766-427b-bb27-59cfad1a1eca,0
85f318dd-e9e2-4d92-af33-d4d4e500fb88,0
86098edf-1383-496f-b3e3-498a873bd4c5,0
861b3b18-2fef-4436-bb2d-9375d8d71e96,0
862e0f37-dc09-4d1f-bcb6-3613b4a12920,1
86520c69-d35b-47e4-9213-1b20ed86db7b,0
8681f739-6b91-4b80-b02b-568ed71271a8,1
86e4b543-528b-4ffc-ad64-d80183815a10,0
87272308-41b2-47ef-a99b-f3d23ab25a94,1
872df8a4-3bee-4f71-a3d2-1cda7b196014,0
8739216d-04d1-4d92-bc03-7feec37cc83e,0
8766c590-73a9-46a1-9e77-b6e25c589846,0
879fddc7-675f-49da-879f-78a379d5f605,0
87b072c2-2ad4-437d-b0aa-c62478e3e740,1
87c906d0-d6fa-48b4-a86c-2108c82bf9aa,0
87d2446c-650e-4a32-a1b2-a109744667a5,0
87d9be13-c50e-4d3b-996b-bdbae9ddd1db,0
87df5a07-86b9-41db-b762-606ced140af7,1
87ef0893-97a0-4bc4-b8a1-21bee8a1b2cc,0
880e049b-0f8f-4300-8ed4-9183c6e6f8d9,0
8835289c-cdaa-4b1b-b234-6c1580f51824,1
8850d3df-3aa6-44fe-87f7-408641b61503,0
887fdf13-79c8-4f9a-8987-c78ab39c6106,1
888bd5c9-1a5b-4115-91ab-3a5e1c7d6373,0
889121b2-92ba-4f50-ade7-71131410a9d2,0
889bbb3f-5c93-4571-9fc2-f08d059436bb,0
88b507e7-ba42-4602-9489-50efc32a7273,0
8935caa1-b291-4cb1-affc-7d7b7a62e7f5,0
896a9ab6-84d8-4a29-88cd-b001c061db62,0
896c9357-040e-4066-b06b-df258aedbb5d,0
897b783f-262f-48fe-bb1f-6d538da54fe4,0
89af632e-29ab-4537-aeb3-1e4d1dccb71b,0
89e0f16b-dbbf-4d01-9763-e99a998e55e9,1
89f395ff-f181-4093-87d7-0f381e94e4a2,0
8a3c7438-9ede-4a37-a354-ce58b981943a,1
8a531c25-0bc1-4b1d-8f80-53e2881798b0,1
8a98fb56-68e6-4e6b-b304-869c2bd783ca,0
8aa889f0-bcab-4497-9e02-b6a03ec1fcb5,0
8ab2edbb-1cea-4396-8a8c-5435ca8df6d0,0
8ace9a0c-9d67-46c0-b1f1-b35a5dbde7a4,0
8b0e7680-5162-4dde-9fbf-c5da91889356,1
8b2b66c1-e4d8-4257-8c97-ff74feedf146,0
8b344920-f2ed-4241-905c-6e2ebe9fdd4a,0
8b52b146-a054-46b1-a393-92301e04214d,0
8b752473-0eef-4f5d-af1f-4232ba4cd65b,0
8b753a4f-8a2d-40f1-9371-1ccf249c180e,0
8b75cf5b-557e-4e60-a415-20ef7fb4098a,0
8bd662d8-1330-4c58-aee2-239cacf24423,0
8be5dce3-7695-4ba8-b006-c735b3adc37f,1
8be76967-9d3a-4bcd-a00a-14a24c5b725e,1
8bee7bdb-fdd6-497c-86c4-0e19c527b0eb,0
8c41cd51-8090-48c5-b05d-7accb47a8b20,0
8c576bd1-6da7-40e4-b839-0eacd25d6c3c,0
8c7ea859-8e9c-418a-b07a-c375bb8a6d2b,1
8c9d0a19-6cbd-4937-b7e3-f6bb72c663fc,0
8cb81f25-ed74-4fc4-82a4-c61c3299f62f,0
8cba43c1-76f2-430e-91d4-2a723ce17325,0
8cc3b47d-9ad7-48ec-bd10-d916258354a5,0
8cf446fe-b098-4ab6-8300-b6cf15577f8e,1
8d492efe-19b6-466e-8207-e81d915eb6eb,0
8d690238-2a42-448d-9499-a651031b2fc7,0
8db6bad1-62fe-4895-a91b-385f3867ef65,1
8dc28e77-f14d-453c-88bb-d656bb9873f1,1
8dc3c5d5-126f-4246-93f0-84a28fa0c30c,0
8ddda4bb-d98b-4458-a2c7-c77509a8f458,0
8e036033-bf90-489b-8ad6-6d9a667df1ec,0
8e2ab5f4-a372-4126-b397-f784ee5c0000,0
8e4127bc-094c-4c86-a6ae-6502496ffdea,1
8e587ca3-2e17-4413-8c86-583cc30e7858,0
8e90d347-0875-4776-8c24-a0d3b451dcb4,0
8ed18030-e6bf-4b37-b8a5-6a9f13043cc6,0
8ef84e0d-6ed6-4e05-bbfc-d882ac1785c6,0
8f2631ee-d89d-4b05-b265-d38fc05e3a60,1
8f4a257f-01b9-4cf9-b5ae-47ff6e2fda7c,1
8fb72255-4668-47b3-a0ff-453e7b8b8bc2,0
8fdbd442-0c65-42ec-a138-32e373ce1468,1
9012a193-4b12-4046-8e9f-e0ec65663e91,0
9018430b-09ff-469d-a369-2aa214c4c6b0,0
905f7b69-3c75-4ad8-99a6-fcbfdb7727bf,0
9088d5ef-fa3d-4439-98de-a3c1d569b758,0
9123af1f-c4f7-48be-9fab-49504f1ec0f8,0
91685802-dc7b-4027-b996-e23594f508e9,1
919139b7-e349-4c83-8dc6-80794b3b0ee8,1
91a7bec8-7b9b-4edf-b7cf-be3343883192,0
91d3bb0c-d15d-4b52-a856-785da8419e2c,0
927c9103-d680-499f-b4a0-2f233389cf80,0
928e4dd2-2cab-4053-9040-ccb1c999d6d6,0
92ac510f-b656-4c38-a245-52dab72ecb6b,1
92ba4563-4e30-4e4f-9e49-5e3214e7e490,0
92bc9c46-9ac5-47b1-bbcd-a95d859afbee,0
9314b5cc-e85f-41f0-81e9-22d156b24853,0
9316086e-f517-421d-9aaf-60838c32d1ec,1
9340c970-d65b-41d9-bc36-c534a5e67376,0
9346f076-5914-4f79-a600-6b7099505570,0
9378b63a-8a13-4a49-a6ba-17d0e03c9b7c,1
93b0185b-9114-49a0-acdc-f738ee80f9d7,0
948f34a9-e440-4096-9533-feb5ea3c823e,0
94a33f42-ca5f-487c-96a0-95873e09542e,0
94a56ebc-e6d4-44c5-b884-d0a871791e58,0
94bcac77-9472-460f-acb6-161c204532b1,0
94cf5928-d529-475e-8259-bf2361ba5451,1
94fcaaa4-e078-4016-af5b-01f6c11105e5,0
9515b00d-ea45-4ac9-8753-c69b05e52a72,1
954a24ee-786c-4df2-b24b-06ee08a42075,1
9551d0a3-f6ae-412f-934f-677f93d710db,0
955ae964-8adf-4e37-9817-ed91c91ea047,1
957682ba-3d7f-4916-a7c8-9bd918e1af46,0
957afe45-6711-4266-813b-5aadf7f24029,0
959548b5-53bf-413a-8ce1-10d06f3622aa,0
959f8e65-6abb-431b-9d10-ade81d0f9685,0
95d5626b-15b2-40d3-aefd-03ef04e3cb55,0
95df9db1-2597-4571-a7f0-13472d837a3a,1
95e37b82-0f2d-4dcd-a8d0-0c48c41899be,1
95f0366b-7de5-4ff9-ade6-89ecda102864,0
9614b6a8-30b5-4006-bb6a-b4e3a8376022,1
962942bf-0114-4642-903c-ae3112b960ef,0
96670100-0ce2-45b2-936f-aa526aeaa01f,0
966b776c-05a1-4268-8884-013a9ea8b609,0
966df3cb-ae81-4cc1-aeac-66a6f084eca9,0
96761cc4-17a0-4681-a78a-604efd9373b2,0
96a5f9f7-264c-4ad4-b902-63867d487cd9,0
96d4bdf3-2117-47da-9dce-c2e54ec93995,0
96e7c037-a716-424c-8b04-609520b0bf21,0
96ec2f8f-35c9-47c5-a8d9-5afd2d84a46c,0
96ffbb34-e083-4abf-8d61-e26f980b7775,1
971b9a78-c3c5-4110-b71d-8075a5a995be,0
9729a008-5dc7-4d62-b91b-fda5fa2c4f60,0
9733f032-b6a5-46bc-b22a-b26157dab7e6,1
9736f6b1-883a-4caa-ae6d-2e391c0a76a9,0
975bd34e-02d1-4c0a-8b3d-1e8e74e4519e,0
977684a3-74dd-4653-8ee2-5c289308e9aa,0
9803402c-2d02-47bb-bded-c42cb0df81b5,0
9806527a-66e7-402d-8228-977e8cf61143,0
98939a08-d14c-4ef0-8585-40d2c91be33e,0
98bd54f3-ac30-4977-8f52-99448ff9043c,0
98da74ba-605d-4885-a21b-852300a76997,1
98fc482b-14d9-44f8-9727-f1e7e68aa706,0
990fb1a0-71b0-4cb1-9dda-10b3e403cbeb,1
99150347-c158-4169-897b-4dd3e8ba0623,1
99152861-c420-452d-81e4-118eef095eb3,1
99483152-4fff-4ddf-abf2-147d20b4b39c,1
9973b6b0-2367-47d4-9257-5f8f67f1f464,0
997eb7eb-adae-4994-ba1e-7e3e0c6d222b,0
99a2de92-268c-424e-903a-a43ea0d53d56,1
99fa39dc-40e3-4c70-9ca9-c050359287ad,1
9a03fc32-37d3-4ce0-b5e4-7f93ae0ff6ac,0
9a0744d2-c2cc-4b7e-a22f-1a19199e6920,0
9a2461b2-37a3-4671-be50-e2f0c3594074,0
9a32306e-2177-4831-8206-572f3f430223,0
9a89a784-34de-48bc-97ca-4410d9a6bb91,1
9a8d504a-221f-42a8-a955-b509b58af21a,1
9aac2f0d-eb8a-4ce8-93c6-be0295eeb1d5,1
9aae7a92-c43f-40cc-9b34-0a16648f7986,0
9aba1291-9d03-42bc-a0a1-7d48ae26c2a7,0
9af36716-2fca-4c59-880e-7c8e80f47f0c,0
9b0364e8-337b-475c-b81f-e4977c9f9f21,1
9b159168-8ad0-4381-b86c-2f1d32ca59b6,0
9b990562-507d-42a4-86b1-a3d963bb5f1b,0
9b9bfcfd-a92c-4b1e-b63f-83040fd5d3c8,0
9be9aa18-e957-48f9-abfc-2bb4c072c54c,1
9c26b469-2bcd-4317-b6ac-d2356d011907,1
9c2df86a-9bb9-4901-b932-5cb92ec70bd3,1
9c3b742f-7240-4216-b861-52eb3dadbd58,1
9c5d1314-fa1b-423d-a1a0-350f4d08eeba,0
9c637e04-413e-40bf-95cf-a64628f28e99,1
9c747ec1-79c7-4564-be10-218689173e4a,0
9c86d13a-4879-4383-9203-13ede1571296,1
9c9e47e8-fb19-495a-9ec7-7a536df42cc3,0
9ca5e7f4-4c06-470e-8ffb-2ad9aa8bbd4a,1
9cb52e63-7248-4037-9e4e-928c87deca52,0
9cbf9b79-7cba-4412-b830-df798fcb07a6,0
9ce38cc6-ec40-4624-aaca-55d316d46ecb,1
9ce9f4b3-baee-4f46-ab05-deeea989dbf1,1
9cf45f6a-5f1d-4e10-9ae5-67e6ac6f4385,0
9cf7a824-ddbb-4524-89f6-feabffcd2bc3,1
9d11af7e-b11b-474b-9d13-2fd80f2902c0,0
9d1815f7-1843-4e9e-a8ef-b1dd04ccc85e,1
9d56675c-6235-4c95-ade6-5b26a3b45036,1
9d5933f9-d21d-4cfc-8c6c-9c625e8826e8,0
9d7dae72-4b4e-48b1-af8c-da7d4b3be998,0
9dab9d17-cfc6-476b-bba0-750e83477016,1
9df0de4d-baeb-46b2-8474-1dfea1c2d0f7,0
9e1655b4-7698-4673-83be-173118e83279,1
9ebd927b-7cf4-4bbb-89ed-3f6988250526,0
9ed0cf34-cd06-4d35-956f-9583c6bc8cec,0
9ed2e915-5b2f-4e65-b062-45fdad5b6ed9,0
9ed44872-c56b-48c2-b612-892b97553bab,0
9efa1667-7e69-44aa-9ff6-4dfc118f71e9,0
9f0275a5-6870-46b5-ad28-94dbd3ab4054,0
9f14d7d1-0891-49fc-82dd-4b8c294c3893,0
9f56e87d-6b5a-44ad-b218-ffc99150f8e5,1
9f679021-17dd-4f16-8286-af60c3af7676,0
9f7bd856-75ff-4d0a-94c2-fada69abc329,0
9f7c4a89-c80c-49aa-995d-6f986c908143,0
9f89782c-8b60-46f0-948e-f2932fcac4a0,0
9fa80c06-ba15-4b3c-9e09-4d3250611613,0
9fcc3964-f9bb-4a8f-af8b-0a0aa08fdbe8,0
a0069346-5044-47e8-a842-4944826d27f0,0
a0413b3b-fc05-4f8b-a32e-d7e75480394c,0
a0439f06-7eac-43aa-8200-52d26111fc0c,0
a0524ca1-1be4-4c25-9f96-17f8869d3875,1
a0547b89-7bd4-4955-b8b4-e139fc0545ca,0
a055e1f7-38bc-4885-90cc-159a48add44b,0
a06374ee-27c4-4fff-b07d-5511cfda460e,0
a0bb9d74-185a-42a9-832f-73cc57bb1c06,0
a0d8efda-b6a0-454a-9c50-00069d87eee3,0
a0fdca6d-a281-4f6a-9424-3b1420021ca2,1
a12df554-7930-4e7c-b7bd-1bb303a1dfb3,0
a1367fcf-8233-43d3-be91-283a1f20f077,0
a13929df-7075-461f-a8a0-ccea8f39a5e0,0
a1492e6f-85dd-441c-b3cb-df61b33ef50a,0
a15ab679-5401-42e9-9fa0-1a7f0c980450,0
a1f4a3ae-2859-4017-bbdc-9d11a1ec47e0,1
a21eb4e5-a620-4961-9ee1-d4fc260e96ba,1
a2379dab-2456-4c48-bdc4-8039221c0b8e,1
a298974d-d068-465c-84ca-f469286c262a,0
a2c9e6ce-f603-4fdd-b40b-2e86db4da438,1
a2cbcb28-7aed-4d34-bd41-0a9bbfcd614f,0
a2d8a2e9-f204-4aef-8630-397ce7c48719,0
a2e67dbd-017b-4e98-9045-617ac7430c13,0
a2f56248-8371-4728-8481-ba6031d962e4,1
a32c478b-3802-4540-800e-1cbe51ff8467,0
a34d591d-04cd-4e6c-ba1d-41ae7b03935f,0
a3641b17-232a-4364-8639-c3adc62a58ab,0
a37d5d34-f7d6-46b6-b602-dbb8c1d257df,0
a3829350-d374-41f9-b913-fc3df5bc694d,0
a3aef95b-2dde-4b28-8f44-de3b45139afd,0
a3c64385-70f9-46af-8ca4-a1eba82b4d39,1
a3e04ee1-6fbe-4fa1-bebf-82954035fb80,0
a423cee0-b3fa-4cd7-8e8f-ba6c583b74f5,0
a4467fe6-1e83-494c-a870-596c9b5551ea,1
a49055b6-62b0-4f32-b210-52d3176da2ba,0
a507e1e7-5623-4c21-9d3e-3af414b2d707,0
a5179370-a0f9-44dc-973c-694186a0ca58,1
a586320c-d994-4f10-8276-58c39dc247d5,0
a5930384-3c76-47d1-b3b8-4f3ea3f0a2f3,0
a5bc728f-f4be-44f6-8022-1af0ad94293b,1
a5c47c8a-c84c-455f-a2f8-23a123f73340,0
a5f42262-a688-4488-80f6-1cbcb808c9a4,0
a5fbf793-e77c-47ad-9af0-21748350e5ca,0
a62c58b6-44d1-4b3e-9b71-c5b9583b0ff9,0
a634d070-92d1-4d8d-bc1b-15c6a2cd366b,0
a649c38a-2d0a-414d-8e7a-09d8ccd0c485,0
a64cdb23-304c-46fc-992c-8d89fd316950,0
a6c8d4e4-c302-4800-8e4f-097d27d9a9f5,0
a6d8a248-e4c1-4630-81f5-68d0aaa46683,0
a6e0ab50-df0f-4a0c-8b21-4b72087cb1d7,1
a6e85b0a-0425-4e14-b4fc-ce1637e7b7fe,0
a7085855-a185-45ee-adf0-bfcda0cb15fa,1
a70cbad2-82e3-4467-b6f9-890d8d21c9ce,0
a746fb68-f9e8-47cc-a8c2-b42b34b44fa8,0
a758aa5b-af97-4bc9-8f8c-ec81b901711b,0
a76505a0-ad05-4a49-9c3b-b890a7949fe0,1
a77b1f70-13b7-4a23-a1e1-eaa3053594b5,0
a7a012f5-f69e-47d7-83cf-d38db358341c,0
a7d1f2ca-fc35-4717-b047-fd7f47c2c31a,0
a7eed609-3d21-4a7c-9285-914814c984b2,0
a80a550a-17f9-4b54-b707-72b4cc77233e,1
a80b7e00-0820-41d7-970c-78e12d4d3a3d,0
a8181110-02c6-4048-8f4f-51a30d4d9313,0
a81e0859-c48a-456a-a455-3468815e114e,1
a82c6fa8-5e7e-45eb-8ca4-ba970c49ced6,0
a86a1934-3bf8-4c32-b681-f204266534da,0
a8916fc2-2b93-483c-ba95-a463ef759e8b,0
a89a6031-0709-41be-a74f-5ac30f33ddab,0
a8b947ae-a7a8-4888-b2a3-1d5464b0d846,0
a8ba9aba-1dcf-483c-b149-7e23d80e0102,1
a8cab65b-8d3a-4319-bf31-111b55dfc20d,1
a8d8422b-1701-4f01-a02a-3777dd8bbee1,0
a8f19034-6e66-4f2a-97bb-46b8eba67469,1
a9139825-ce1d-4a46-8bae-804bd0c17a88,0
a91b01f3-18e5-4717-a5bc-7924e94d08c3,0
a92a80ae-fa4c-46e5-9cf9-d3fb0dab4b19,0
a95df536-0dd2-4768-8529-a32bf15010b0,0
a9a8ad94-eb5b-449e-8514-19b5d72fdcf5,0
a9c2e837-edb9-4274-9c0a-9672c168f619,1
a9d54865-ed95-4788-a4b4-5f353fcdd18c,0
aa061308-53bf-4c84-b8c7-5385086d9046,0
aa180d00-5125-4f64-aa54-567583897ec1,0
aa22f3c7-086e-48d8-8efa-9d834e1f124b,1
aa3af26b-f2c4-44f9-bf94-9fd258746f07,1
aa3f02f9-79db-4383-bca1-1a9f7b97563d,0
aa920df2-44c0-4505-bb91-23f28620381c,0
aae11046-5050-4c93-9822-b3ea477565e1,0
aaeb426b-b51e-45b2-96c7-6965f1e0e150,0
aaffcc37-26bf-4e7e-9f35-82bf4d1caf99,0
ab09f551-e835-4971-a6d8-319c4bebdc40,0
ab0ecddb-5172-4fb0-9389-b53c341211c4,1
ab4d023e-5bbf-4e3b-8e5a-57542ca6e6fa,0
ab5d211b-a6bb-4322-b0be-0e584f027336,0
ab6ef582-1e40-4f8f-ae61-c1138f399ff6,0
ab9128d0-39a3-4d17-b3cc-969efca4c67d,0
ab983668-0096-4860-b4f6-c06f7588dec5,0
abae73cc-75d6-4067-b981-305ad76535d9,0
abc509b9-020a-47f7-81ff-267d553c5c19,0
ac4c6de7-acd8-4266-a5f7-6bb2477f7ded,0
ac6e083b-580e-440a-b769-09f251ddf446,0
acafa65e-3cc6-44b7-830e-e9e85ca7f3fe,0
acbb7670-3056-454d-b747-eb931799a9d2,0
acdc7452-12b5-490f-b5f6-3be5e3c4da6e,0
ad2555ce-1e13-4fe1-a9b6-b75517bb08d6,1
ad29e844-2670-4f6d-b9b9-9026a52733aa,1
ad55261d-da8b-460a-a648-95f632dfc253,0
ad63ae1f-971f-4414-ae37-4acdb40a0432,0
ad7202e6-2b2e-4b32-b1cc-1ac88e9c936e,0
ad989f0d-53f3-476a-b622-7f65fe44ed20,1
ad9bd109-cf6b-4cd3-b6cd-76bddf9fa3f2,0
adafc1d2-b87f-462c-ae0c-850fd6ef2981,0
adc2dcab-80f4-4b6d-9e5c-6ac572a41460,1
adcc959f-bf5f-4786-88ee-5a3720cb7164,1
ade2e6a9-97be-4777-8587-6158025b50c2,1
ae3d9919-f866-476d-9ab4-51fd14f1c340,1
ae8a633e-8d6d-4aad-8f18-bac7ca7e2d17,0
aebaced7-d37c-4864-84a3-93e78553a3f5,1
aed13a64-11de-40f5-8651-375a3623c8c7,1
aed96b77-887f-438e-bb4f-c6d587644f83,0
aedf3d66-db93-4b1d-9c96-206f737855fd,0
aee8a9f8-b89d-47d0-98a3-6c0db9d50b4b,0
aef676e3-6587-4f45-ada0-0d167f62eb94,1
af2e4197-13d0-42f7-a3d1-d6a8e3fc4292,0
af34b8b2-253f-4f07-90d2-266c6d14ab4c,1
af75e96b-d47f-4587-92f2-3e9205ab5b28,1
af985a8c-9702-43dc-be2d-24a46bf742e1,1
af9e963d-bab6-476d-a305-99ee17076bb4,0
afa5c982-318e-4d24-9490-84548846a992,0
afad5ab3-230b-4a72-8cee-a04b3adaf507,0
afbe4213-f230-434d-a69b-9e3be328225d,0
afdca4d8-903b-40dc-ae25-b219776fc0da,1
b033e6e5-1a14-4de6-9bc1-062a63bbbb69,1
b038b449-7b4d-4e23-b218-2ad56f355a04,0
b0492597-7ada-4600-bb63-e974802c3cc4,0
b04a703b-a349-482d-a5fd-666e9731e7e3,0
b0adf15a-db58-42ff-80cf-9e61b8e7cef5,1
b0d65781-8a40-4a9b-bdd3-86bd708605e3,1
b1510b8c-1347-4945-8449-976ac9f194f8,0
b1843106-f945-4111-a1a7-6a64ea292c20,0
b1a41dee-1b85-4fee-a2dc-c34732e30ca6,1
b2031cb9-bff3-40c8-b9b4-bb024d37239b,1
b21fb61d-a217-4990-911d-94d94df91252,1
b28d4111-5edd-4e42-ba29-9b5beeca9658,0
b2a5cf75-b9e7-44ba-be13-20bd9f8184d6,1
b30ca536-f413-4d90-8512-66043fb47efa,0
b3171a6d-6cbb-4e4f-8bf4-a02b11728442,1
b31a3f62-96cb-40c2-8984-5b7a14da8469,0
b32e4558-ec39-4307-9640-9947cd0692f5,1
b33017c5-eff8-4adf-8e51-ef6d9a99a3c6,0
b362e5d7-17a3-419b-82b4-c73688f368f5,0
b387efa0-3263-48b1-80b7-e4355b866fa9,1
b3e3352e-ddba-4315-a699-825fafe26666,1
b3ee6377-c532-4e04-bdc1-c6c0d00bffa6,1
b3fe730b-3ed7-4fea-a3f0-30991e077d2e,0
b4081a19-9cfc-4832-89b5-cb84fd2a5700,0
b41218aa-d70d-47e5-b375-457945e5170e,0
b42b0045-713b-4891-a1e2-349c60e59b7f,0
b42b23d2-3736-41f5-89b9-451487a02d57,0
b44a20d2-b89f-42be-9716-6bbfc4592aa4,0
b44e8ddd-ebef-4a7c-bbf4-460bee1ca5e4,0
b46f8dd6-2f58-45e1-91b8-1516ea8a8435,0
b47ed83f-6951-49e3-a049-871f2d9f33c7,0
b49813d3-ef77-4c04-a1ee-7c2f89ed176e,0
b49bda5e-a721-4f4b-8ce8-1971e0acb478,0
b4a0f87a-7aa9-4b00-ac25-86e21a4caff9,0
b4e17298-9b55-4947-a523-9baa4455aad5,0
b50320a1-58eb-4c0a-9826-ba1271c1359e,0
b504c7d4-622a-4ab5-96e4-c8bf6514f13b,0
b51141c1-9a3f-42ff-b02d-a88bcf810882,0
b566b35b-6df4-4b14-afad-88b603da58ff,1
b574dbbb-e6b1-4f3d-b868-ebc53fc98f90,1
b589a966-b945-4e96-884d-240febd76c4a,1
b58fe56c-6b0b-4c0a-98d3-a4029a85f4e9,0
b5a04d0a-d4a3-4b31-adc3-a3c177fc19d7,0
b5a45808-12cb-401e-bfd7-3c4a63cbb1f5,0
b5cfdf9d-a88d-4332-aacd-f7bae8f24fd0,0
b5f9df02-bd1f-430b-adcd-bd4d165e7758,0
b6148695-e439-4645-98e0-b635842e41b7,1
b659d04e-5376-44b9-8828-4466eede7ea0,1
b66c589c-ed83-46fc-8be0-ecdda3c8b786,1
b6c76602-79d0-4672-83b6-3147025dc21d,0
b6c9aa3e-8933-4a23-95f1-55b6c3dae237,0
b6d630a5-ec9c-4b28-a12a-73d73d17e80d,0
b6daf3d3-305b-4c17-afa3-a1add8512074,0
b6e85451-84b9-4b72-94ed-ebc980c66cdf,0
b6fb1fbc-82b8-49d4-9ad5-65e6f6dcd0e1,0
b74376f9-e696-454f-9cd0-54a9935b22e9,0
b75def2c-1033-41cf-8035-9a278f53090c,0
b76dd9ef-6dc5-4817-a9d3-e8e15a491925,0
b785d0f4-23f2-4bd4-9ffa-1485f342e697,0
b7968e9f-87ab-4139-86c2-c268ae9b019a,0
b7989242-da50-411b-a230-7a7e119a3c7d,0
b7ac5162-497f-46fd-b0ea-42b8835f6a2f,0
b7ceed62-af03-40b6-b88c-97091d1e16ad,1
b802f028-f90a-4a53-b701-b83cf0646478,0
b80cfb5a-b58b-44e9-84e1-4d1e86f62aa6,1
b8173d9b-1b96-4f85-a576-2e06f5f02eda,1
b81b7665-66e7-4bf2-8ab3-05fedd9a43ea,0
b821fb69-cf09-456e-b69a-06309084f1c1,0
b8699d02-27eb-41a1-8860-b1910d00b819,0
b87b717b-dd1b-4170-b63f-505b33b2e8f1,0
b87c8353-3f79-41df-ba8a-f845ecd9b9a7,0
b8acea74-2a30-4157-9683-6c4fba0b9c57,1
b8d447ac-ff23-4ede-a955-9be73c071be9,1
b8d51814-13d8-4795-833a-db77bcdca191,0
b8fde064-c182-431f-a3a0-c93c1b8133b8,1
b936480f-cdc5-4e3f-ac71-f39771fa5f5d,1
b9542a31-8c67-4f7e-961b-e4c01d9d72d9,0
b9586cb5-abff-4081-8424-16ba43dfbab0,0
b969635c-c8af-4412-b178-fecbc0c83417,1
b9a0c50d-4e62-420e-9859-482a4f932228,0
b9d47271-e152-4b7c-a47d-b7dfc79f9a61,0
b9f354e4-b201-4416-901e-81771a97d609,0
ba115db8-3262-48c6-ac00-8987d16eb8bb,0
ba1c580f-e319-46a5-8e9c-bc52bc61e521,0
ba241682-901a-4288-976d-083c6e49bf71,0
ba30533b-fd2b-47b5-87c4-9cafae7da42d,1
ba3da26d-2a7f-4c21-b625-535c50d04fef,0
ba42b57c-f219-4a52-8690-4974187ecc15,0
ba55478c-e095-4b27-a38e-7f3bd4b6b214,0
ba7a3d95-3b61-4616-87fe-ed200769929c,0
baabe144-5ce8-427e-8488-7fe555cb15b1,0
bab8a262-1f42-45c2-b939-1a5b821e746f,1
bab8e04b-f4f3-4dbe-8a96-95b826699f8c,1
badab0b3-e4c9-474c-8d58-ba25b6df00f1,0
baf1dea3-ada5-4d1a-ba9d-9c4daebc8f2c,0
baf31c1f-f528-456d-99de-5d9158211d29,0
bb076a23-fb68-4b5d-b923-9db66d5781d2,0
bb39e20b-29d4-44fd-82a5-76bc0437db92,0
bb58aef3-2450-4591-b9b3-971ef448c068,0
bbad36ac-f48e-4e64-a2df-24874ba7101f,0
bbdedfed-1764-4a3b-a1b3-be93d146f7ef,0
bc0d04c3-e338-432b-aef5-c6d895ff5a68,0
bc18a7ce-b3b1-4a2d-82c1-82c9fd4408b9,0
bc305561-70f9-4039-8ecf-d5ec42ec4ec8,0
bc44a153-7834-402d-83ec-68cc4de6ef7e,0
bc628b9a-aaf8-4d51-85dd-3d257d608b81,0
bc8252f0-e9a6-4f9d-8e1e-818b8bb1c7e0,0
bc82f367-fc9e-4467-a3a3-ab5db6773d51,0
bcbbf72e-bfa6-4a79-99cb-de12421730ed,1
bcbd017d-e7c3-4426-9b46-80f3fd3a25da,0
bcc91ec7-9d9e-41b5-a855-d6fe7afb5174,0
bcd2f004-33c7-4a1d-b127-3d9c3eca693c,0
bcd4773b-f039-43c4-ae75-8d528c198640,0
bd19c60a-4140-4f1d-bb07-5c11c0fd2b93,1
bd2471e2-27a4-459b-9a51-cb7c8de49d0f,0
bd3b636e-f4a2-4841-bb98-0ec13a115210,1
bd6496a8-1622-4173-bde4-1df715feb17f,0
bd76114d-0f2d-4ddc-a8b5-344198c1c4e5,1
bd97356e-a4eb-40c0-88d2-327c20f51bfa,1
bdd434bf-9963-46be-81e1-465e9212788b,0
bdd553de-6b5b-4560-b406-a7a119f1648f,1
bde89b51-a74d-448d-99d3-51e222545958,0
bdf052e2-e50b-4643-95ad-11e55105f3ad,0
be4768b1-e11c-4370-9159-509d7cdd3e93,0
be4b2a19-4804-43ad-948d-3c21f7fabda4,0
be8b627a-3a35-401e-b8c9-e035bfc934e9,0
bebc026c-bcf6-4508-84f0-38a640e25f13,0
bf8a28d7-5a20-41a4-9ef3-98581688ce66,0
bf9ffe0d-9c99-4006-a788-79c39111367e,0
bfa57873-bf8f-4624-81a2-991d42086e0e,0
bfb59ce2-3ced-4ee5-87a2-806dd41a709d,0
bff76277-422d-4add-a130-3f4cf8f2fcc4,0
c059f8e9-6bfd-46d2-8e06-883dc90e8fba,0
c05ad983-d471-4d4f-9382-e92851139e90,0
c08c8d8b-c81e-4db2-bb34-e56b9d523d18,0
c096ef88-3567-4ebb-879d-23bfd2c7b423,1
c09bf342-5f14-46fc-83f0-5b8bcb826d76,1
c0fd63e4-d7f2-47c3-aacc-bf1a0176e623,0
c13161c8-fc5f-4f3e-a671-f4fd2dcab163,0
c13cb520-3a38-4ad5-b11c-b2e49591cf4d,1
c147a742-0f49-40e5-ab66-d705d9b9c9a4,1
c14a5581-de0b-4c15-812e-723d61cf38f9,0
c14dbd74-33b5-4a31-a21a-5291f5d1047c,1
c1b1ce7a-9614-42f2-a58e-9f1419981341,1
c1b6b7ce-af52-461f-9f38-afc5728bb126,0
c1c15984-c58f-4f72-ac88-0ac5a573d20c,0
c1cac87b-6a97-4c50-bc94-3e9273d47d8c,0
c1dac815-41c9-4aa1-845a-54c404ae7c76,0
c1e647b1-c0cc-4386-8b0e-2460b3bea1a1,1
c1e9a222-59f6-4de2-90bb-44d6d834bb66,1
c1fb7b30-fd48-449d-ace5-cd0aacb7e9f6,0
c202a447-eaa0-422d-85e6-36e95f50dd1a,0
c2330cc5-cd52-47cc-8e10-0cf5e61c0df5,1
c244911e-7cac-424e-8ca9-2dee94eac1c1,0
c2610bf7-8334-45ee-b7ef-5cb2151188dd,0
c2673f92-afaa-4962-88b8-b140f395b982,1
c2a82b21-76e5-444f-ab57-1343e5d08b58,0
c305fbb7-6c23-4e2a-b84a-d879fa042468,0
c32c2cce-79e2-4ab5-b03f-e98c47f7b459,0
c3338962-05dc-4f97-a29e-7478bb0aa5d1,1
c34d8ebd-b3e3-44c6-b96d-b80a47eda41e,0
c363fd25-42fc-4234-8f2e-93f6d2d1a098,1
c36adf80-36ea-4f04-94bc-b0f4a2b14c05,0
c398f5b9-d43a-498f-8075-6d1099d42718,0
c3ee952a-c181-4aca-b716-efef586cf72d,1
c415461e-e69d-4dfe-a4cc-4c38fec41436,0
c44b301f-a871-4113-9376-24b1bb17479c,0
c44bf877-627b-4f5c-a28e-31ab3012cc44,0
c467568d-08d9-4613-985b-c29209507999,0
c4aa69fd-0fdb-4f50-bd2f-65d3da1161fd,0
c4b8687d-cf16-4477-9d91-f563d7259683,0
c4bd0cfc-a584-40c3-a4fb-db72489b2b56,1
c505f19d-b9d0-49d9-8ef4-0875b7c95de9,1
c5132d24-dac9-4f80-aea3-32e89a9089be,0
c51a662d-a1ce-480e-8c9d-134c0f6a0f59,1
c5807695-8306-41df-b12a-271884d8e300,0
c5888017-59ca-4a77-a6f6-6e68aebcbc94,0
c59e4445-c480-4e53-9d91-79763e4927fd,0
c5d0c346-2153-4549-9cd6-68278b9666e1,1
c6020337-3865-482b-9178-d3c811c81498,0
c61f350a-cc4c-4253-a42c-e167a49545f2,0
c66aa027-767e-4568-bd5c-aca494a4c5a6,1
c680eba1-f8a8-41c5-b6c4-a6909ab0ea9f,1
c69c76a0-2b03-411b-9733-07d8d93f9afb,0
c6ea09c6-255e-4d8a-bbdb-75dc1bd9cba1,0
c71480df-17da-4c1d-8445-92f9f25a2385,1
c71c3ef2-9e7d-475f-b9af-2d7f4ec4c6d4,0
c7370e4f-8765-4016-9841-da437121531c,1
c7654902-4cd8-4f9d-a317-6ec4ae82b0ee,0
c767de93-1a6a-4724-8891-7aaf0780cd72,0
c7811be2-5ff9-4db3-b8b0-9c6a9a6eca0f,1
c794ec22-50ae-4483-8cb5-ef56266d8384,0
c7be848d-4859-42fa-868c-b29165cf26f6,0
c7cd97d1-e331-4e38-88ae-6482be3a70b9,0
c82dbb1d-f77b-4e4e-9ef9-8cb0731bac91,0
c84365fa-00dd-4c99-8552-393ed0489118,1
c8490d17-5464-4eed-9bf1-92852d06b4da,0
c863e459-c749-455f-a0ff-75981bfefc3a,0
c86509b8-c7b5-4422-8836-4e7f37a2f413,0
c8b46e4b-bf9a-4db3-bd96-9cc59e4e37ac,0
c8c5a8db-20f7-4f1e-994e-34025d0602ab,0
c8e1e375-70d3-4568-8367-b64f07bbb770,0
c927efa9-896d-4f54-81e4-6ee0e346193b,0
c9720686-2927-493f-a06f-730cae818c1f,1
c978bc31-c743-45f4-9d5d-d5c1962a647a,0
c9df2563-1ecc-49fa-bae0-4c5b6327e5b6,1
ca231ecb-f91e-442c-8b67-6b604a70ea5f,0
ca637d4e-15fe-48b4-bf44-496e39b15deb,1
ca8c93aa-9673-4a7f-b8ee-22a6b0e66156,0
ca90dabe-c95c-4894-9b6f-e97b91380473,0
caa32b4b-ce61-492f-a333-78c22d34e0fc,1
caaae782-efa2-4772-b10d-5000bf1b6e6b,0
cab5a204-ade4-4667-8d8c-f7fbe6bcc545,1
cafe92ac-fe39-4e10-968b-dd93c8f7a2d6,0
cb1a80dd-7939-4472-8711-f3b7e05b2bd5,0
cb40275a-7bf7-4522-bf0e-b81e39e39375,0
cb456135-3941-423a-8a57-31f035a129d1,0
cb66c986-a020-4103-a74a-79d29ebfc7eb,0
cb88812b-d9b5-45aa-9bdf-96058c0e6fe0,0
cb8ee5ba-9fbe-4c6e-afe0-5066ea5f029b,0
cbaef0d8-2fd0-4f74-93c9-92d13746eb6b,0
cbc53472-f60d-4cef-8f06-eff0cc663330,0
cbd66a03-0a3b-4b75-9c8c-f1685503f46b,0
cc023f49-85d8-41e3-954f-9b06704c199e,1
cc0ef2a0-af6d-4d9f-aa2c-5206e1552dfc,0
cc423924-811f-445b-ab39-12da6f49af75,1
cc5d0aa1-d6ff-4916-97e9-5882277fa83f,1
cc6a259d-f41f-4d75-987e-2689a0587862,0
cc6d2806-ddef-463f-b6be-a305a0657900,0
ccc35011-c54e-452d-a9a9-cc26d6825c18,0
ccd0d674-3d6a-43b2-8ffb-bb91b3d3ba0c,0
ccd2c583-eaa8-4df0-89ed-e11dd784fa53,0
ccea2601-0cdd-4bef-9be1-67ee639f7ce2,0
ccfc9aca-4704-45c1-b70e-e5a6270d233c,0
cd0233dc-7233-42f4-9643-da03907dc4d3,0
cd096518-ee40-4efa-98e3-7d317e74340f,1
cd1767a2-f8a6-4ea0-95e3-c968081049d8,0
cd1b2c4f-3e83-4473-8fb1-63e66aaf56ca,0
cd2bfb1a-1ed9-44d4-92a1-46b391c67cab,0
cd2d5f86-8117-4010-89e4-710ab4e94692,0
cd3d59b0-f5e7-4bdf-8d32-65730a6261a3,0
cd8d1df9-1664-4be4-a7d2-5a39623c6919,0
cdae171e-bfb4-42d3-9fd2-9f9ee0dc0550,0
cdb0cd3c-5d29-420f-b6c8-2c7fbda4520e,0
cdb7674d-8626-4b9b-be04-b6f0435a6eda,0
cdf74f59-5ae0-4e21-8169-c02125312023,0
cdfd7611-f42e-4679-b10d-207bc74b8248,0
ce50d0aa-8b41-4c7d-8363-9c5a1db6defe,0
ce603ecf-fdd2-463d-80b5-9f3250564472,0
ce835317-f6ec-4dd2-a7e5-8a6dfcd3763d,1
cebc3dc9-a73a-42a5-948c-dbea1bb3ac87,0
cec9ba87-382c-4302-87ee-df0d994d8602,0
cee21f4c-6abb-4728-ac6d-6e4f01a16180,0
cf2922b3-3b77-4fda-a6b0-7b3e8ca0e735,0
cf308829-4078-43f6-b7f9-9aa6bdb2659f,0
cf483b4b-653f-4582-af10-ceeb2afe1c6a,0
cf5809fb-74d7-4034-bd34-965ddd670e08,1
cf889bc5-e9bb-45fe-b188-bcda334a7924,0
cf971b40-f07f-42fc-a661-94fce6be5883,0
cf9d7d80-1bbf-4cbf-9c40-b078c22c3a38,0
cfb472d5-03af-4331-b51c-271883259251,0
d00172ec-2d23-438a-b5a0-5533cafadccb,1
d011779b-d831-4730-8ff1-e9d3f248df97,0
d06d5c98-3b68-48a0-8801-4a26142119d7,0
d08c22ed-bcd3-4e2f-b046-4dceda3903e0,0
d09aaa50-4e93-423f-a605-a2ac9eebae86,0
d09f4fa6-2434-4fcf-a0b9-5ddda55b69ba,0
d0ac67f5-b580-4901-aff1-72128c2c4524,0
d0b976d5-7d85-4ee1-9b1b-f938306fb37b,0
d0bd38ce-a65c-43ed-b64a-ece8737d367a,0
d0ccb39f-cf29-42eb-bec8-ae3f3dd54646,1
d0e7df86-f868-4770-b6b0-def8e2528982,1
d1017d24-a241-4256-b0ab-a0808ce966a2,0
d11f5741-ae0b-45a9-a6ab-f76926e2a6a9,0
d12a5cea-547b-4a86-b3a5-b99585f5955a,0
d13982f2-9d68-47a5-90a6-30b2b4244624,1
d15d84ff-b765-4593-b6e2-b79a09d50a27,0
d1695d39-ff34-4169-883d-ee6f74cbb090,0
d181d840-b9f5-4fec-a52b-34f74db50359,0
d1dbca76-14e2-4695-8cc8-a22f36a6b8b1,0
d1f073da-5e21-48ca-8238-706cf94f2bff,1
d1f2d3ca-13d5-4da3-9041-fbc025940d10,0
d1f65c7e-0132-4175-b7fe-0637a5e0c54d,0
d1f7ba64-a01f-4669-b2ef-3641c8e9706e,0
d201e49b-ceb5-4db1-9c84-07a5702fc316,0
d25cc05f-cee3-4938-9fb7-e771dee20b16,0
d277463d-2612-4781-afb5-63f13e14e77d,0
d2b61bce-cb74-49a8-8f27-0c384c741a8d,0
d2dda7ca-d0a0-430f-8fda-d49444605804,0
d3027755-48a4-4017-b410-0d10774b750e,1
d30ad34d-6a55-4afc-8345-cacc8d7de322,1
d314f03a-e8f5-4211-8bcf-91e67af551c9,0
d3bd4ca5-34a9-4e3a-81db-4a5dbdb368ed,0
d3ff66b8-a685-4cf4-ade4-b75f752d900b,1
d4099775-d6ab-49d1-989c-a6165c2eb78c,1
d41315d9-86d3-45d5-bfe2-6693342e308d,0
d49e6221-6731-40af-9694-e116e26a3ad4,0
d4ea486a-440f-48fa-b3b5-be7c2fd32061,0
d4f8ee56-f798-4857-8de7-f8242b3f199f,0
d4fcadab-a505-4044-b605-0b61bb829f91,0
d505cbde-a024-4247-9a77-0ddef77d7155,0
d50c2ae6-1a7a-47e5-bd50-c36c05bfc851,0
d546d8f3-f8bb-425b-97ed-491de7cca7e4,0
d54d7b86-3738-4889-b49c-41923c51d307,0
d59bc358-2788-4f96-8536-460417708b34,0
d59e3961-db6d-49df-9734-b90887b1e522,0
d5d8a774-168a-4264-84d1-f7be92d406f9,1
d608732a-8d08-4ff8-988f-3522e766a07f,1
d61b568f-c1ed-434e-9582-93eddf9aa119,1
d6224dab-27c8-4c02-b0a0-13869ccb0a29,0
d625d540-39aa-4336-b054-98fb52806383,0
d630e250-e677-4b92-b48f-a387fb300c2f,0
d667fe6c-9a62-4858-8a03-646105290975,0
d67f2008-c7a7-408a-b69b-6fb227c3990a,0
d68dfb65-1196-4fad-a5bc-8c90378117f2,0
d6faa179-ccf1-4b5e-b1a7-7aaa088cde10,1
d6fe699c-0e54-4154-bc8b-6f5e8ca181da,0
d757813f-3df0-41dc-9043-6802d8e8773e,0
d76a0acc-ee66-478e-b02e-c8eba472e578,0
d779365b-2831-4cf2-a745-c9f06abe668b,0
d7bc4dd3-c278-4719-b1ef-57483304fdcc,0
d7f7903b-88bc-4355-af0d-ddc63259b644,1
d8066387-352b-4038-8f64-1c5dd2d8bb63,0
d811077e-2b40-411d-8a76-164903a45bda,0
d8114a58-217d-46d0-aa14-6fb9009d6399,0
d82f85fe-7eeb-4755-a455-c0997761bea4,0
d8359a11-39c0-4bde-9ec7-0778b8a9faf3,1
d87e5d38-d3e8-4b3f-b6be-6ca1d9094df1,0
d8949880-3577-4956-82d6-9798076e2351,1
d907cb42-1a84-482e-89c7-8a7854444ded,0
d9261d7a-b76a-4f6a-9382-6ec9fc7fbe85,0
d9379e1a-9746-4038-9286-39afe84e61e9,0
d97c17ea-a670-495d-bb21-ab82cbe6b64a,0
d9862596-289d-4683-8145-31f7be707971,0
d9ab982d-7a42-42cf-8f20-7f24e0a519ac,0
d9acdc66-8c22-4765-8247-1549bda1656d,1
d9d668da-52ed-46bd-ae7a-85d9e9999448,0
da43ee1f-5dbb-4b52-a241-29f9e8f85173,0
da62d99f-f2bd-4e9c-abaf-ec4e4455a170,0
da635888-3598-4662-8095-2c6382437dab,0
da6e0154-92fc-4dae-9596-5b9a45aa987c,0
daa2b72c-84b6-4899-998a-cfe7beea78cf,1
dae40014-4f36-4ddf-a41a-605b1e63b7a0,1
daf21c7b-dbfe-4859-960c-24f5bb065d5f,0
db7f8538-3f99-435e-aec9-e58fae3e0a8b,0
db8294fa-ce27-40d5-8e9f-e35c7df0fefd,0
db9d206b-15b3-4f4a-8443-a33b21abe7fb,1
dbabdfb0-9383-44ae-a5e5-42837f052cb8,0
dbae8564-c067-4ab1-b3d9-68131550c201,1
dc121355-e0bb-41f2-b0c8-94ebff3b2b1a,0
dc204770-b7fd-4e34-addc-96ea0a18372e,1
dc2b52e7-e4ea-4fb7-bb24-c4b42c61c17c,0
dc403952-d149-4bfa-bfab-0e9d7d3e858a,0
dc5dbce9-db7c-4a53-aaaf-cc61641ab725,0
dc685f23-f2c6-4f2a-8df1-0cdf2dfe88d7,1
dc9ebcde-3939-4f43-ae52-1182ea507606,1
dcc37869-5909-4366-9163-8c276dd72136,0
dcd9ac20-d3ef-409d-b4b5-a273565131b4,0
dd216ada-0d61-4085-a643-79a827085872,0
dd3396ef-3400-405e-81ab-1dfd77db68d3,0
dd79133b-d131-4dc9-85a1-6fb36961e852,0
dd83e67f-a69c-4502-b6cc-984c6a5e9664,1
ddb97869-d06e-45da-81a6-d37d27f4dc3f,1
ddf92363-415c-4013-8a23-adee5b852aad,1
de294ac3-8b44-4f2d-afd2-21cbb8508344,1
de30d7e1-cccf-4d4c-8120-d9853f8172f0,0
de4ecb9f-2a5d-444e-937b-dafff652a4b1,0
de60ffa4-8829-42b2-9201-d93b09bc9bb9,1
de955ce6-bfbe-4327-ab30-77484a9f398f,1
de9923c9-a1eb-435d-b3f3-75e5a6efc94f,0
decf685b-3c75-4217-8918-56f5fd5abd6c,0
defecaac-91e0-4ec9-a930-b512b17ac6f6,0
df041ad5-7b7c-4727-a84a-30f1b9abf108,1
df3269c8-97f7-47c8-9f0d-a81619e910c2,0
df6442aa-7564-4393-95e8-690724b27003,0
df94614d-e78c-4016-a4b3-f77a62da41eb,0
dfaca546-c7f5-4129-a3ee-624b4b1cb392,0
dfb84a2f-5696-496f-9d52-618a0ac684e4,0
dfc25a4a-b2f5-46db-b6d3-91ece49ad45f,0
dfc6c040-3aef-42ac-85ae-467db9ec878d,0
dfe800db-b2d0-4fd9-b21e-3cc0c690a915,1
dfe97d88-f07e-452f-b50a-63e5f5110d36,1
dff2fa66-d03f-4d87-9986-202a839337e5,0
e011b67f-f36f-4817-93ea-f1ecb68d6efe,1
e01ceb07-451e-480b-b9a4-ee7e5b24dfc4,0
e02be3c9-2109-4110-a749-ed8db92ecf0a,0
e0306a59-208f-4242-97bb-e8c468018ffd,0
e054dcd5-0d38-4fcc-9c1d-312ff44e2e47,0
e0685590-78b5-4d45-b6e5-1cabedba940c,0
e0940596-3718-414c-9f06-603cac49ad69,1
e0adb22d-117e-4220-a5cd-5c47375940fc,0
e0cc74f0-8967-4cb5-beef-44c3782166af,0
e1234326-df2e-4d1f-b66e-af51e542ed8a,1
e15fb6ba-35a1-4243-bedb-6f8a29cf63fc,1
e186fa70-9435-40c3-b382-5abd46362354,0
e18ab5d3-0b23-4057-9b49-907edffe3c01,1
e1aab85b-7fdd-4d3b-88d5-d671bb239f86,0
e1d0e5e3-79bc-45d0-9e85-c2742c6375e0,0
e1eb551f-e98a-4a57-8fed-243269670be1,0
e1f41e52-a232-4ad9-a6b7-8b1b9d9ba288,1
e1f727af-ed19-46eb-b7eb-7874de8836c2,0
e1f83e7e-9056-4280-8be1-222597e45363,1
e211892f-2ff4-497e-9af2-a27cf6e039e9,0
e23f3ff8-76e3-491d-b0a5-b2db4846a08d,0
e240edbd-b126-4b65-90ff-ddadb7814251,0
e26e490d-0acc-4cc2-91d7-997cfb9b2caa,0
e282fcaa-a6b1-466e-bd00-a3dd062bc163,0
e28ed0b0-9926-4909-b645-1982b9b6b9e5,0
e2d2c9e3-e2b6-4c00-a450-07618851cfc9,0
e2fc07e9-f4f5-4958-983c-967f07efe223,0
e304f7a4-9e49-4674-bd21-0bea030ccc37,0
e32fb241-0031-4ed3-8ae1-e9d27c8c71e2,0
e35280d3-5c08-4512-ba11-cf707f8d1e7f,0
e3ac74de-a17c-4ade-b552-a504a47a38c3,0
e3b05cd5-efdc-4093-a1ea-56225e8e26cf,0
e3b71c99-be2c-4244-a291-db920019c5ce,0
e3c143cf-9488-4498-aa47-b3c775ae0353,0
e3d37f8f-d0dd-409d-b32b-a04ae042ebc5,1
e3e1c217-a438-46d5-ae93-c69125f92b4f,0
e40f5289-c512-4208-8455-7b106adcc9d1,0
e41190c0-1e3a-49b3-944c-f9768318a067,0
e42627f3-63ea-443d-b9ff-1e205ead64d6,0
e44187e3-9dcd-4b8c-b4e4-3ec20f97f045,1
e44fc7e4-2c11-4b01-83e1-1ba0a0c2fcae,1
e49c89c6-27a9-42e2-bbc8-067e14622ce2,1
e49d7981-22b8-4316-bfff-1c086fa456b5,0
e4b6348e-46d3-4770-9613-345b12b3d6e7,0
e4dfed3f-fc31-4acc-bf7a-3179d83a6de2,1
e4e6a2d4-cf61-48ba-a457-e0e7c6e0e737,0
e55d5dc8-089c-46cf-a649-575ed50f1e41,0
e57cb7a8-12c3-4b1b-8af6-a1dbd582174d,0
e593aae3-e053-4b71-9e09-130bcb35b82a,0
e5b45f39-111c-4f9a-8d3d-41f589a264be,0
e5ef574a-06c0-4f36-8a2f-001d3db58279,0
e5f300b6-e8fe-4567-895f-9c48210b13d9,1
e5ffdb40-03e7-4a7a-a2d7-478c8a35d0e4,0
e61a77d6-137d-4615-9e12-34a2bc2a6991,0
e631977f-d7af-4691-9203-2ab4e25cc22b,0
e6696bba-2193-46ce-888f-6fa16c1b0dd1,1
e674408c-8dc6-4b12-8bc6-a34dbffc01a6,1
e6aa6576-f719-4d1a-8828-7f7932c79178,1
e6d6b202-f01b-43b2-b325-ffc87baffc5b,0
e6e292bd-008f-4352-b96c-167551178e82,0
e6e2c868-ca71-460b-8e59-4474d116524e,0
e6f2a06a-e71b-4728-946a-399bd309c52b,1
e7065f1b-042f-4990-a155-e2bb49702910,1
e72bd3bd-5718-4c36-a3a3-4901a56bd8d0,1
e73de8f8-fdaf-4479-8b39-a2512e36127f,0
e75887f5-fe3d-4deb-a922-bea85774a4ea,0
e797bc3c-722f-453b-b9c2-30b2e120acc5,0
e7df7ccc-081b-470c-bc79-d3f75c4e6014,0
e7e7acb8-3e15-40f4-b2d4-5983b83e79c0,0
e808f312-7ced-40d0-97ac-aee5f91d8e3b,0
e8474764-5ba1-448f-9778-3312b0ffbedf,1
e84be88e-883e-4d42-a990-db98be45f8fa,0
e8bc21ad-22c2-463d-8081-942e9b6110d0,1
e90fb854-84f5-4a5b-ab64-27523b9b4aff,0
e94da66c-c8dd-40e6-a9a0-0f6f1feb3a3c,0
e981fb5f-b537-4fb4-84ee-d800f9de6582,1
e9bddcbb-269e-4c73-a0e6-42334c24c0e4,0
e9c79b13-4655-4193-b5b2-f2e46ab633bb,0
ea3a3ba7-9e2d-4ee7-9420-0b4334ada9bf,0
ea42b02a-9f12-447f-8b50-ac45a754ba90,0
ea4322e2-c102-4922-998a-661f0c9fbda7,0
ea4a7674-ad79-4dbd-9565-8ac9e0678c0d,0
eab55678-ec49-4a89-9514-a7218705a7cd,1
eac707b5-ec45-4cdf-b684-4336a388c16d,0
eadf6cf0-477a-4e57-9b3b-79c4b1c2d3e4,1
eaea2d77-8651-419e-a1c3-e925e5a52281,1
eaf2b99d-ba96-42b2-be9b-d9ea0fb97d02,0
eb00c113-d6e2-4e87-9199-b80b67abf818,1
eb76f01b-ac66-4251-8e90-3ae677f970a0,0
eb7df9de-e787-457e-be8d-93e8172d9ccd,1
ec05c80d-f41e-42b8-a490-d64070e15b12,0
ec182554-7ca5-4f09-99fe-1aa5fd4ee459,1
ec298e43-b26d-4489-952e-9e21aed60e3e,0
ec2bfc06-c512-431f-9c17-a68458602925,0
ec350027-56d0-44a1-8040-6baa5755f566,0
ec63ff8f-2f90-4f44-a297-b8c751ed533a,0
ec8c3234-be06-4cda-8665-bc3689450512,0
ec8d2721-eb2c-4a5b-8087-02d8df746737,0
ece02af2-0626-4e34-a128-65246908c380,0
ed5a701d-214c-418d-9b80-fb0d1c9deffe,1
ed92b7a8-edb2-4ce9-8741-5cfed5e7b1c5,0
ed95c23f-2c4d-43b2-bcbb-4ab718a28807,0
edbb297b-a95c-4e8a-96a7-c138765ea1b3,0
edcf7730-a3d1-4e03-838b-21d0a0b7fe50,0
edfc450c-6c9a-4596-b0a2-507bc558cbe9,0
ee045ed9-e676-470f-994d-e6d35acaad9b,0
ee2d7fa5-e075-4adc-9ae0-07c86f7a7b3a,0
ee86d333-da27-46fb-862b-d77f5daef161,1
eeb094e2-1da9-426c-937a-f3c7d91d9c06,0
eed6fb5a-444f-4bda-8262-3019b1610c23,0
eef316d0-c339-4dc3-9b6b-8475b74fcd38,0
eef3d4d6-e381-4d12-b5a0-90b90866d0d8,0
eefbd31e-932f-4dee-a277-1c80f092a146,0
ef5cbbcf-9486-4f68-9433-9bc3e3fc2361,1
efb43406-4dc6-4731-b68e-07644f2e21e8,0
efb5f176-eb75-44bb-9039-7e74eab37921,0
efc990cc-ffdc-4146-9b86-e3512e19ba0c,0
effb602c-d9c2-4aee-adc1-a5ea7d4f6249,0
f0124802-b313-4707-bab0-b9ef44c9d029,0
f013b097-b8e0-4794-8a26-420067c79473,0
f017a5ea-cc07-49df-9b25-e19023617c33,0
f02c6a13-9b3a-4a5e-b714-d2335bb22c3c,0
f02fd77c-4bab-46a5-a322-e170f2ded222,0
f0478627-60b4-4526-96e2-69f9ddef9897,0
f0633fcf-ed6c-40e3-a6ba-ebeebd86a17e,1
f0683644-32cd-4543-a32e-1eea3b46d129,0
f0b5b05a-d905-4b1f-a594-4a7d10b9d581,0
f0be3b6c-9f38-4c4a-b211-f6d54bb7a940,0
f0c81535-c59f-46c4-b14b-de5102e60d4e,0
f0f96da8-89e5-496b-818b-0523d67c6f20,0
f17e2430-bbc9-44bb-8ecd-ef229549bda2,1
f1b00b1f-b32a-48eb-8d88-2b084df55a7f,1
f1b41af4-cc6b-4280-8078-a0894b3614a5,1
f1c2028e-62e6-44db-86ef-a3e345bacdfa,0
f1c7133f-3231-4b73-9888-78dd7678367c,0
f1e1fbd6-aeef-451a-8072-09773f6f75d8,0
f1fc063e-1b9e-45e9-9674-b347d8a0992e,0
f20a7fdd-5f92-4ce2-92a3-603e0a68a997,1
f2243809-23b8-444c-8b12-7d6acfaccd98,0
f226f0e6-097d-43ec-a16e-48c01ad0636f,1
f22b0dd6-328b-4b86-b354-1ebfcdf0cdcd,1
f247f87e-de75-44db-a132-add40772db23,1
f2718c7d-ad76-4bea-838d-2e26fad96dc6,1
f29940a1-9dcd-4ad0-9c00-2c11b083258c,0
f2a5025b-3d44-433c-98b3-2763512ae049,1
f2cf7cd3-31ee-4fa5-9173-4f07b7120f36,0
f2e851d4-7c47-40cb-89fe-366cebcf2135,1
f31829a4-b2e4-44c4-9bff-281d364588b7,1
f33e57b2-210e-42ac-be48-96fdd85c600a,0
f3a593c9-7e49-4f69-a4fd-e628189fdcf3,1
f3cbe145-15ed-4945-87f9-f67c200a53da,0
f3ce41ae-d780-4ba0-bf4a-5b73efd97ee0,0
f4051918-faee-4971-b008-11f90d3b6682,0
f40dc39c-e394-4233-a1fb-f56bfa5dad3c,1
f40fda00-e3eb-4b61-9b7b-81aca9eb92d0,0
f412a93e-8347-4f36-9505-bedcecb3f009,0
f421d79d-d9de-405a-a888-ad43cce802ec,0
f440eca3-1095-4806-91df-d76d6781d809,0
f45d5d6c-4500-4e76-99b9-65d01eef4ac3,0
f4778d2c-2838-4f63-a7da-849bdd135da1,1
f484ccf8-dac3-41bb-855c-d083ef939d76,1
f49cdb56-ef60-4aea-b8fc-bc164bf340c2,1
f4cf1bc3-c1b6-427c-8e87-c48ff998eb80,0
f4d32907-566d-4842-9ca2-ba0702445fd9,0
f50e9e67-aef4-4d3b-b774-edf3a908885c,0
f53ca5ed-41d5-469e-94db-9513031a0b14,0
f555e60c-6c47-4e15-ae22-6762436136e1,0
f586a40f-79e1-4a7c-b880-1a44b32e437d,0
f58d4dde-d516-433a-a91f-0e95fa5c887d,0
f58da388-2b25-4ab3-98a0-50cfc8b48a75,1
f5ae54df-1e46-4677-8ef9-bd205b1a6491,0
f5b23a33-7121-4aa4-aa12-328c6a6c183c,1
f5c10493-cea8-4cc8-9d60-f7888f1b20ec,0
f5d88d0e-a8de-448f-8f38-6bb7e7a52c2d,0
f5da496a-95b6-47d0-8422-55f4f07f1397,0
f61301b2-6e5a-4b08-8535-393d45923eb2,0
f63c0973-7b65-4f02-a2fd-32a0ea3a08cf,0
f63d74a5-f1aa-4ecf-ad15-36a60ec8d205,0
f64dd030-6618-4bee-8057-849a2e673288,0
f674f348-94bf-46e7-ae3c-461343d45903,1
f6a95607-a94e-40b6-8b79-1834a735cdd6,0
f6ae5031-4b26-497f-9586-8bd181975911,1
f70390eb-09bc-45c6-8dc3-7538dd48a048,0
f717ff20-f48a-4e08-84a4-1ee6d9dca20c,0
f741f95b-0a9c-4832-b419-e66bbd60c16c,0
f7579fa4-3e0e-40c9-8279-1acfb28eed71,0
f76b3fe0-7b89-4137-982f-856b21bbd52f,0
f76f799d-35f5-48f0-a09c-a5fd3239d0d6,1
f7d6f058-0e0e-4ff2-b181-0407eea96298,0
f7f11c26-0755-44a9-b18e-a0cab3892cb3,0
f8000708-0c10-4367-8504-756d19b74897,1
f82f402f-64b3-4222-b071-e330518d98db,0
f849f7e6-6af6-47a0-b670-01e31925eb9d,0
f8769095-d825-4295-928e-3c139afeb16c,1
f9215893-ef1b-4521-9f47-8cff5a117ad0,0
f939b468-b6ce-47f2-bd3b-0c408c532a22,1
f95e63cb-0783-4a84-8dbe-12cb4b868f6a,0
f9625fb2-ff6d-4470-b35f-91dc13f8b12a,0
f972206c-f806-4401-85ee-2c41c5a0781c,0
fa141a63-ad84-400f-84de-593f09eb0e2a,1
fa274613-a617-4d55-860c-db19a3ff2462,0
fa316c10-7157-414e-98ff-22b25a849ddb,1
fa483abc-023d-451c-a823-7a49e9459f0f,0
fa606a37-486b-4e51-a115-b64fc4f098d2,0
fab2b1a0-a6c0-45fb-8154-9579d0388f55,0
faf7f6fa-7043-4354-aee6-834faa3d4c1f,0
fb050dde-c07f-4f09-8023-d9d4a57a602b,0
fb2f3022-5128-46d0-bf59-2d95aa4d0022,0
fb74fa68-826b-43aa-8b09-c303d04cdc70,0
fb9e3f53-a163-4812-8c86-a719f7851ddd,0
fbbaf3b7-c199-47aa-8fb3-cad92a08e7fc,0
fbbe71f8-9109-409c-870f-3241b443dc80,0
fbec7fb9-6296-4d69-a1a7-dfd32df063e0,1
fc1b1174-84fc-4f47-9166-b3eb8cb92f20,0
fc560c64-f1a7-4f61-9540-111b14670f6e,0
fc8575ce-078a-42a7-a3ab-c471a521655f,1
fcd3fd7b-bee5-42a7-befe-4441012461ba,1
fce65493-cc4f-43b2-84b5-7a2c845f89b0,0
fd12f289-60db-48ec-ad88-3fce67f14351,1
fd14a066-28c0-4eab-a09c-5a2b666329f2,0
fd210c09-88ea-4815-b09f-c57361986736,0
fd4b35b7-12b0-44a6-a920-c3bc6b311269,0
fd4d34dc-4d7e-4f6d-8fe8-7822be750d63,0
fd67d820-19bd-4d89-9ad0-a70f28f8a694,0
fd9ec831-b2f2-4435-8fc1-f10d20495dba,0
fdaa9894-db00-4ff3-b00e-316e280cdf91,0
fdab8efe-eb99-4285-84d9-5c4b129e11d1,0
fdb22a19-fca2-4cb2-8ffd-7101204f25a9,0
fdec399f-30d2-478c-ad4e-149e41097c9f,1
fdf133b4-a7b0-4c6f-ad5e-5bf891c303f4,0
fe3f6bc1-299e-4a6d-a91d-15aeea236894,0
fe4ae217-ae09-4eb9-8739-279b4a480190,0
fe4bd460-66f8-4f0e-aca1-606722113be1,1
fe65c780-3754-4f8a-9f3d-aee1bd8accfa,0
fe86bf88-30de-40df-8540-51c90ddc925a,0
fe9d9d7c-24cd-4a7d-8114-02594379691f,0
feb04d42-06f2-4a32-8374-b1ca3da15b7f,0
ff04334d-e637-4e9f-8729-0bc9a79d76c3,1
ff32b165-6f9c-46b7-b829-b3d164671a7c,0
ff73c1fb-2946-455b-8718-629bcc27affc,0
ff853971-4e08-45d6-bd22-68bcb3420035,1
ffa4f8c4-28c5-4ab2-9d82-a5f5a4e82d19,0
ffbd3c14-56ba-412f-ac68-9f4ccbafe4f5,0
ffcc4330-2b02-485b-a3bb-e1c7d42baaae,0
ffcc53f6-7cf9-4e5e-9294-a9a33c7568f8,0
ffd3ca4b-dc5f-4dbd-b249-bac065045870,1
fff44f7a-1cef-4b7a-a2e5-1d2a111cb70d,1